timestamp,breaths_per_min
2025-12-29 00:24:44 -0800,15.5
2025-12-29 00:37:11 -0800,14.5
2025-12-29 00:45:10 -0800,14.5
2025-12-29 00:56:37 -0800,14.5
2025-12-29 01:10:34 -0800,15.5
2025-12-29 01:13:34 -0800,15.0
2025-12-29 01:22:02 -0800,15.0
2025-12-29 01:32:00 -0800,15.0
2025-12-29 01:49:27 -0800,13.0
2025-12-29 01:50:56 -0800,14.0
2025-12-29 02:07:53 -0800,15.5
2025-12-29 02:15:52 -0800,15.0
2025-12-29 02:26:49 -0800,14.5
2025-12-29 02:31:48 -0800,15.0
2025-12-29 02:43:16 -0800,14.5
2025-12-29 02:50:45 -0800,14.5
2025-12-29 03:03:42 -0800,16.5
2025-12-29 03:16:40 -0800,15.0
2025-12-29 03:26:08 -0800,14.5
2025-12-29 03:37:06 -0800,13.5
2025-12-29 03:50:03 -0800,15.0
2025-12-29 03:54:32 -0800,15.0
2025-12-29 04:08:30 -0800,15.5
2025-12-29 04:11:59 -0800,15.5
2025-12-29 04:26:26 -0800,15.0
2025-12-29 04:32:55 -0800,14.0
2025-12-29 04:47:52 -0800,14.0
2025-12-29 04:58:50 -0800,16.0
2025-12-29 05:04:19 -0800,13.5
2025-12-29 05:11:47 -0800,13.5
2025-12-29 05:27:14 -0800,14.0
2025-12-29 05:36:42 -0800,14.0
2025-12-29 05:42:41 -0800,15.5
2025-12-29 05:57:09 -0800,13.5
2025-12-29 06:04:07 -0800,14.0
2025-12-29 06:11:36 -0800,13.0
2025-12-29 06:24:03 -0800,15.5
2025-12-29 06:35:01 -0800,12.0
2025-12-29 06:46:59 -0800,15.0
2025-12-29 06:57:27 -0800,14.0
2025-12-30 01:44:01 -0800,15.5
2025-12-30 01:53:59 -0800,15.0
2025-12-30 01:59:28 -0800,15.0
2025-12-30 02:16:54 -0800,15.0
2025-12-30 02:20:24 -0800,14.5
2025-12-30 02:37:50 -0800,15.0
2025-12-30 02:38:20 -0800,15.5
2025-12-30 02:55:47 -0800,12.5
2025-12-30 02:58:46 -0800,13.0
2025-12-30 03:09:44 -0800,15.0
2025-12-30 03:22:41 -0800,15.0
2025-12-30 03:30:39 -0800,15.5
2025-12-30 03:47:06 -0800,15.0
2025-12-30 03:54:05 -0800,15.0
2025-12-30 04:00:03 -0800,15.5
2025-12-30 04:10:01 -0800,13.0
2025-12-30 04:27:28 -0800,14.0
2025-12-30 04:27:58 -0800,14.5
2025-12-30 04:44:24 -0800,12.5
2025-12-30 04:55:52 -0800,14.0
2025-12-30 05:03:21 -0800,14.5
2025-12-30 05:08:20 -0800,15.0
2025-12-30 05:18:18 -0800,14.0
2025-12-30 05:31:45 -0800,13.0
2025-12-30 05:47:12 -0800,13.5
2025-12-30 05:48:42 -0800,13.5
2025-12-30 06:01:09 -0800,14.0
2025-12-30 06:09:08 -0800,14.5
2025-12-30 06:19:06 -0800,15.0
2025-12-30 06:35:33 -0800,12.5
2025-12-30 06:41:02 -0800,15.0
2025-12-30 06:48:00 -0800,16.0
2025-12-30 07:06:57 -0800,15.0
2025-12-30 07:09:56 -0800,14.0
2025-12-30 07:22:24 -0800,15.5
2025-12-30 07:32:52 -0800,13.0
2025-12-30 07:41:20 -0800,13.5
2025-12-30 07:53:48 -0800,13.0
2025-12-30 08:03:46 -0800,14.5
2025-12-30 08:10:14 -0800,14.0
2025-12-30 08:18:13 -0800,15.0
2025-12-30 08:30:40 -0800,14.5
2025-12-30 08:39:09 -0800,14.5
2025-12-30 08:56:35 -0800,13.5
2025-12-30 09:01:34 -0800,13.0
2025-12-30 22:58:01 -0800,19.5
2025-12-30 23:06:30 -0800,16.5
2025-12-31 02:09:08 -0800,12.5
2025-12-31 02:16:37 -0800,14.5
2025-12-31 02:28:35 -0800,15.0
2025-12-31 02:31:04 -0800,15.5
2025-12-31 02:44:02 -0800,15.5
2025-12-31 02:51:00 -0800,14.5
2025-12-31 03:08:57 -0800,13.5
2025-12-31 03:11:26 -0800,14.0
2025-12-31 03:27:23 -0800,15.5
2025-12-31 03:35:21 -0800,15.5
2025-12-31 03:49:19 -0800,15.5
2025-12-31 03:50:48 -0800,16.0
2025-12-31 04:01:16 -0800,16.0
2025-12-31 04:09:45 -0800,16.0
2025-12-31 04:28:41 -0800,15.0
2025-12-31 04:30:41 -0800,14.5
2025-12-31 04:44:08 -0800,13.0
2025-12-31 04:51:36 -0800,12.5
2025-12-31 05:00:35 -0800,12.0
2025-12-31 05:15:32 -0800,12.0
2025-12-31 05:28:29 -0800,14.0
2025-12-31 05:33:28 -0800,14.5
2025-12-31 05:47:25 -0800,15.0
2025-12-31 05:49:55 -0800,15.0
2025-12-31 06:02:52 -0800,15.5
2025-12-31 06:09:51 -0800,14.5
2025-12-31 06:23:18 -0800,13.0
2025-12-31 06:38:45 -0800,13.0
2025-12-31 06:47:14 -0800,13.5
2025-12-31 06:51:13 -0800,14.0
2025-12-31 07:01:41 -0800,14.0
2025-12-31 07:12:09 -0800,14.5
2025-12-31 07:25:06 -0800,14.0
2025-12-31 07:30:05 -0800,13.5
2025-12-31 07:45:02 -0800,14.0
2025-12-31 07:49:02 -0800,13.5
2025-12-31 08:07:58 -0800,13.0
2025-12-31 08:17:26 -0800,13.5
2025-12-31 08:25:54 -0800,14.0
2025-12-31 08:32:53 -0800,13.5
2025-12-31 08:43:21 -0800,15.0
2025-12-31 08:49:50 -0800,16.0
2025-12-31 08:58:48 -0800,16.0
2025-12-31 09:10:16 -0800,13.5
2025-12-31 09:27:42 -0800,14.5
2025-12-31 09:37:40 -0800,15.0
2025-12-31 09:38:40 -0800,15.5
2025-12-31 09:58:06 -0800,14.0
2026-01-01 03:19:51 -0800,19.0
2026-01-01 03:29:19 -0800,14.5
2026-01-01 03:37:47 -0800,15.5
2026-01-01 03:45:16 -0800,14.5
2026-01-01 03:57:43 -0800,15.0
2026-01-01 04:07:11 -0800,15.0
2026-01-01 04:20:09 -0800,15.0
2026-01-01 04:28:07 -0800,15.5
2026-01-01 04:36:06 -0800,15.0
2026-01-01 04:54:02 -0800,15.0
2026-01-01 05:01:31 -0800,14.0
2026-01-01 05:11:29 -0800,15.0
2026-01-01 05:20:57 -0800,15.0
2026-01-01 05:27:26 -0800,15.5
2026-01-01 05:38:53 -0800,16.0
2026-01-01 05:46:22 -0800,16.0
2026-01-01 05:58:20 -0800,15.0
2026-01-01 06:09:17 -0800,16.5
2026-01-01 06:19:45 -0800,15.0
2026-01-01 06:27:44 -0800,14.5
2026-01-01 06:42:41 -0800,13.5
2026-01-01 06:47:10 -0800,15.0
2026-01-01 06:54:08 -0800,17.0
2026-01-01 07:12:35 -0800,14.5
2026-01-01 07:15:04 -0800,15.0
2026-01-01 07:27:31 -0800,16.0
2026-01-01 07:40:29 -0800,14.5
2026-01-01 07:47:57 -0800,15.5
2026-01-01 07:56:56 -0800,16.0
2026-01-01 08:09:53 -0800,15.5
2026-01-01 08:17:21 -0800,12.5
2026-01-01 08:28:49 -0800,13.5
2026-01-01 08:35:48 -0800,17.5
2026-01-01 08:45:46 -0800,15.0
2026-01-01 08:54:14 -0800,16.0
2026-01-01 09:06:12 -0800,14.0
2026-01-01 09:21:09 -0800,15.0
2026-01-01 09:26:38 -0800,15.5
2026-01-01 09:42:05 -0800,16.5
2026-01-01 09:43:34 -0800,17.0
2026-01-01 09:56:32 -0800,14.5
2026-01-01 10:05:00 -0800,13.5
2026-01-01 10:17:57 -0800,17.0
2026-01-01 10:30:55 -0800,14.0
2026-01-01 10:35:24 -0800,14.5
2026-01-01 10:50:21 -0800,15.0
2026-01-01 10:55:20 -0800,15.0
2026-01-01 11:08:47 -0800,14.0
2026-01-01 11:19:45 -0800,14.5
2026-01-01 11:23:14 -0800,14.5
2026-01-01 11:38:41 -0800,13.5
2026-01-01 11:48:39 -0800,17.0
2026-01-01 11:57:07 -0800,13.5
2026-01-01 12:06:06 -0800,16.0
2026-01-01 12:22:32 -0800,17.0
2026-01-02 02:20:49 -0800,17.0
2026-01-02 02:35:46 -0800,14.5
2026-01-02 02:46:13 -0800,15.5
2026-01-02 02:53:12 -0800,14.5
2026-01-02 03:01:40 -0800,15.5
2026-01-02 03:11:38 -0800,14.5
2026-01-02 03:27:35 -0800,14.0
2026-01-02 03:29:05 -0800,15.0
2026-01-02 03:40:02 -0800,14.0
2026-01-02 03:51:00 -0800,15.0
2026-01-02 04:06:27 -0800,15.0
2026-01-02 04:09:26 -0800,15.5
2026-01-02 04:17:55 -0800,15.5
2026-01-02 04:30:22 -0800,14.0
2026-01-02 04:45:49 -0800,14.5
2026-01-02 04:53:17 -0800,15.0
2026-01-02 05:05:45 -0800,14.0
2026-01-02 05:12:14 -0800,14.0
2026-01-02 05:20:12 -0800,14.0
2026-01-02 05:36:39 -0800,16.0
2026-01-02 05:41:38 -0800,15.0
2026-01-02 05:54:05 -0800,14.0
2026-01-02 05:58:34 -0800,14.5
2026-01-02 06:12:02 -0800,15.5
2026-01-02 06:24:29 -0800,16.0
2026-01-02 06:36:27 -0800,15.5
2026-01-02 06:41:26 -0800,15.5
2026-01-02 06:51:24 -0800,15.0
2026-01-02 06:57:53 -0800,14.5
2026-01-02 07:08:21 -0800,14.5
2026-01-02 07:25:17 -0800,14.5
2026-01-02 07:27:17 -0800,15.5
2026-01-02 07:42:14 -0800,14.5
2026-01-02 07:56:11 -0800,13.5
2026-01-02 08:04:39 -0800,15.0
2026-01-02 08:08:39 -0800,15.0
2026-01-02 08:17:07 -0800,15.5
2026-01-02 08:32:04 -0800,14.5
2026-01-02 08:38:03 -0800,15.5
2026-01-02 08:47:31 -0800,16.0
2026-01-02 09:01:28 -0800,16.0
2026-01-02 09:13:26 -0800,15.0
2026-01-02 09:23:54 -0800,16.5
2026-01-02 09:35:21 -0800,15.5
2026-01-02 09:46:19 -0800,16.5
2026-01-02 09:55:17 -0800,15.0
2026-01-02 09:57:47 -0800,15.0
2026-01-03 04:57:47 -0800,18.0
2026-01-03 05:00:17 -0800,17.5
2026-01-03 05:16:43 -0800,15.0
2026-01-03 05:26:41 -0800,17.0
2026-01-03 05:36:09 -0800,15.5
2026-01-03 05:46:37 -0800,15.0
2026-01-03 05:55:06 -0800,15.0
2026-01-03 05:59:35 -0800,14.5
2026-01-03 06:10:33 -0800,13.0
2026-01-03 06:25:30 -0800,17.0
2026-01-03 06:30:59 -0800,15.0
2026-01-03 06:40:27 -0800,14.5
2026-01-03 06:48:55 -0800,15.0
2026-01-03 07:01:53 -0800,16.5
2026-01-03 07:14:20 -0800,16.0
2026-01-03 07:19:19 -0800,15.0
2026-01-03 07:31:17 -0800,16.0
2026-01-03 07:42:44 -0800,13.5
2026-01-03 07:51:13 -0800,14.5
2026-01-03 08:00:41 -0800,15.0
2026-01-03 08:12:38 -0800,14.5
2026-01-03 08:26:06 -0800,14.0
2026-01-03 08:28:35 -0800,12.5
2026-01-03 08:42:03 -0800,14.0
2026-01-03 08:53:30 -0800,15.5
2026-01-03 08:58:29 -0800,13.5
2026-01-03 09:10:57 -0800,14.0
2026-01-03 09:25:54 -0800,14.0
2026-01-03 09:27:54 -0800,14.5
2026-01-06 01:30:35 -0800,15.0
2026-01-06 01:32:04 -0800,13.5
2026-01-06 01:47:01 -0800,15.0
2026-01-06 01:54:30 -0800,13.5
2026-01-06 02:02:28 -0800,15.0
2026-01-06 02:15:26 -0800,14.0
2026-01-06 02:26:54 -0800,14.5
2026-01-06 02:32:52 -0800,13.5
2026-01-06 02:43:20 -0800,14.5
2026-01-06 03:01:17 -0800,15.0
2026-01-06 03:03:16 -0800,14.0
2026-01-06 03:18:43 -0800,14.5
2026-01-06 03:24:42 -0800,13.0
2026-01-06 03:35:10 -0800,15.5
2026-01-06 03:44:08 -0800,16.0
2026-01-06 04:00:35 -0800,15.5
2026-01-06 04:10:03 -0800,15.5
2026-01-06 04:21:01 -0800,14.0
2026-01-06 04:24:31 -0800,14.5
2026-01-06 04:36:58 -0800,14.0
2026-01-06 04:45:56 -0800,14.0
2026-01-06 04:51:55 -0800,16.0
2026-01-06 05:06:52 -0800,15.0
2026-01-06 05:18:20 -0800,13.5
2026-01-06 05:27:18 -0800,14.5
2026-01-06 05:39:46 -0800,15.5
2026-01-06 05:42:45 -0800,15.5
2026-01-06 05:57:42 -0800,15.0
2026-01-06 06:09:40 -0800,14.5
2026-01-06 06:19:08 -0800,15.0
2026-01-06 06:21:37 -0800,15.0
2026-01-06 06:31:35 -0800,14.5
2026-01-06 06:41:03 -0800,13.5
2026-01-06 06:55:30 -0800,14.5
2026-01-06 07:09:28 -0800,18.0
2026-01-06 07:14:27 -0800,15.0
2026-01-06 07:27:24 -0800,14.0
2026-01-06 07:38:22 -0800,14.5
2026-01-08 00:56:38 -0800,18.0
2026-01-08 01:00:37 -0800,19.0
2026-01-08 01:13:34 -0800,16.0
2026-01-08 01:25:02 -0800,16.0
2026-01-08 01:35:30 -0800,15.5
2026-01-08 01:38:59 -0800,15.0
2026-01-08 01:55:26 -0800,15.5
2026-01-08 01:58:55 -0800,15.0
2026-01-08 02:16:52 -0800,16.0
2026-01-08 02:25:20 -0800,15.5
2026-01-08 02:31:19 -0800,15.0
2026-01-08 02:42:16 -0800,15.0
2026-01-08 02:52:44 -0800,13.5
2026-01-08 03:04:42 -0800,15.0
2026-01-08 03:16:39 -0800,15.5
2026-01-08 03:19:39 -0800,15.0
2026-01-08 03:33:06 -0800,15.5
2026-01-08 03:41:04 -0800,16.0
2026-01-08 03:55:31 -0800,14.5
2026-01-08 04:05:00 -0800,15.0
2026-01-08 04:07:29 -0800,15.0
2026-01-08 04:24:26 -0800,12.5
2026-01-08 04:33:24 -0800,13.5
2026-01-08 04:40:23 -0800,13.5
2026-01-08 04:54:20 -0800,14.0
2026-01-08 04:59:19 -0800,15.0
2026-01-08 05:07:47 -0800,15.0
2026-01-08 05:24:14 -0800,15.0
2026-01-08 05:32:12 -0800,15.0
2026-01-08 05:42:40 -0800,14.5
2026-01-08 05:47:09 -0800,14.5
2026-01-08 05:59:37 -0800,16.0
2026-01-08 06:13:04 -0800,12.5
2026-01-08 06:19:03 -0800,20.0
2026-01-08 06:27:31 -0800,14.0
2026-01-08 06:44:58 -0800,14.5
2026-01-08 06:47:27 -0800,14.5
2026-01-08 07:00:25 -0800,15.5
2026-01-08 07:09:53 -0800,14.5
2026-01-08 07:25:20 -0800,15.5
2026-01-08 07:27:20 -0800,15.5
2026-01-08 07:43:17 -0800,14.0
2026-01-08 07:50:15 -0800,13.0
2026-01-09 01:04:13 -0800,16.5
2026-01-09 01:08:12 -0800,17.0
2026-01-09 01:26:08 -0800,16.0
2026-01-09 01:29:38 -0800,15.5
2026-01-09 01:39:36 -0800,15.5
2026-01-09 01:48:04 -0800,16.5
2026-01-09 02:04:31 -0800,15.0
2026-01-09 02:14:29 -0800,13.5
2026-01-09 02:23:57 -0800,13.5
2026-01-09 02:34:55 -0800,15.0
2026-01-09 02:44:23 -0800,15.0
2026-01-09 02:47:22 -0800,15.5
2026-01-09 02:58:20 -0800,14.5
2026-01-09 03:09:18 -0800,14.0
2026-01-09 03:22:15 -0800,14.0
2026-01-09 03:29:14 -0800,15.0
2026-01-09 03:41:11 -0800,14.0
2026-01-09 03:53:39 -0800,14.0
2026-01-09 03:56:38 -0800,14.0
2026-01-09 04:06:06 -0800,16.5
2026-01-09 04:18:04 -0800,13.5
2026-01-09 04:34:30 -0800,13.0
2026-01-09 04:38:30 -0800,13.0
2026-01-09 04:50:57 -0800,14.5
2026-01-09 05:02:25 -0800,12.0
2026-01-09 05:07:54 -0800,14.0
2026-01-09 05:21:21 -0800,12.5
2026-01-09 05:27:20 -0800,13.0
2026-01-09 05:39:47 -0800,11.0
2026-01-09 05:49:45 -0800,14.5
2026-01-09 06:04:12 -0800,13.5
2026-01-09 06:12:41 -0800,13.0
2026-01-09 06:24:38 -0800,12.5
2026-01-09 06:31:37 -0800,13.0
2026-01-09 06:43:35 -0800,13.0
2026-01-09 06:51:33 -0800,13.0
2026-01-09 07:04:31 -0800,13.0
2026-01-09 07:07:30 -0800,13.5
2026-01-09 07:23:27 -0800,15.0
2026-01-11 01:55:05 -0800,19.0
2026-01-11 02:06:03 -0800,13.5
2026-01-11 02:23:00 -0800,15.0
2026-01-11 02:24:59 -0800,14.5
2026-01-11 02:40:56 -0800,14.5
2026-01-11 02:45:55 -0800,14.5
2026-01-11 03:02:52 -0800,12.5
2026-01-11 03:13:20 -0800,14.0
2026-01-11 03:21:48 -0800,15.0
2026-01-11 03:24:17 -0800,14.5
2026-01-11 03:39:44 -0800,14.0
2026-01-11 03:48:13 -0800,14.0
2026-01-11 03:59:10 -0800,15.0
2026-01-11 04:04:09 -0800,12.5
2026-01-11 04:19:36 -0800,13.0
2026-01-11 04:26:05 -0800,11.5
2026-01-11 04:42:02 -0800,14.0
2026-01-11 04:43:32 -0800,14.0
2026-01-11 05:01:58 -0800,14.0
2026-01-11 05:06:27 -0800,13.5
2026-01-11 05:16:25 -0800,14.5
2026-01-11 05:23:54 -0800,14.0
2026-01-11 05:36:21 -0800,13.5
2026-01-11 05:50:48 -0800,13.0
2026-01-11 06:02:16 -0800,14.0
2026-01-11 06:12:14 -0800,15.0
2026-01-11 06:17:13 -0800,15.5
2026-01-11 06:25:12 -0800,13.5
2026-01-11 06:40:39 -0800,14.0
2026-01-11 06:51:37 -0800,14.0
2026-01-11 06:56:06 -0800,13.0
2026-01-11 07:05:34 -0800,15.5
2026-01-11 07:17:02 -0800,11.5
2026-01-11 07:28:59 -0800,15.0
2026-01-11 07:38:27 -0800,13.0
2026-01-11 07:51:25 -0800,12.5
2026-01-12 00:26:17 -0800,16.0
2026-01-12 00:43:14 -0800,15.0
2026-01-12 00:52:42 -0800,15.0
2026-01-12 01:01:40 -0800,15.0
2026-01-12 01:11:38 -0800,14.5
2026-01-12 01:16:07 -0800,14.5
2026-01-12 01:33:34 -0800,13.5
2026-01-12 01:36:33 -0800,14.0
2026-01-12 01:50:00 -0800,13.5
2026-01-12 02:00:28 -0800,14.0
2026-01-12 02:10:26 -0800,15.5
2026-01-12 02:15:55 -0800,15.0
2026-01-12 02:27:53 -0800,14.0
2026-01-12 02:36:51 -0800,15.0
2026-01-12 02:44:50 -0800,15.0
2026-01-12 02:57:17 -0800,14.5
2026-01-12 03:06:15 -0800,12.5
2026-01-12 03:15:14 -0800,12.5
2026-01-12 03:31:10 -0800,13.0
2026-01-12 03:39:09 -0800,15.5
2026-01-12 03:51:36 -0800,15.0
2026-01-12 03:56:35 -0800,15.0
2026-01-12 04:05:34 -0800,16.0
2026-01-12 04:17:01 -0800,13.5
2026-01-12 04:29:59 -0800,13.5
2026-01-12 04:37:27 -0800,14.5
2026-01-12 04:47:55 -0800,14.5
2026-01-12 04:56:23 -0800,15.0
2026-01-12 05:05:22 -0800,12.0
2026-01-12 05:21:19 -0800,12.5
2026-01-12 05:25:48 -0800,12.0
2026-01-12 05:36:45 -0800,12.0
2026-01-12 05:45:44 -0800,13.0
2026-01-12 05:55:42 -0800,13.0
2026-01-12 06:11:38 -0800,14.0
2026-01-12 06:21:36 -0800,13.0
2026-01-12 06:24:36 -0800,13.0
2026-01-12 06:43:02 -0800,14.0
2026-01-12 06:50:01 -0800,12.0
2026-01-12 06:59:59 -0800,15.5
2026-01-12 07:04:28 -0800,12.5
2026-01-12 07:22:24 -0800,13.5
2026-01-12 07:30:23 -0800,16.0
2026-01-12 07:37:21 -0800,15.5
2026-01-12 07:47:19 -0800,16.0
2026-01-12 08:02:46 -0800,13.0
2026-01-12 08:07:15 -0800,14.0
2026-01-12 08:22:42 -0800,13.5
2026-01-13 00:19:21 -0800,19.0
2026-01-13 00:33:48 -0800,15.0
2026-01-13 00:41:17 -0800,15.0
2026-01-13 00:47:45 -0800,16.0
2026-01-13 01:02:12 -0800,15.0
2026-01-13 01:12:10 -0800,15.0
2026-01-13 01:24:38 -0800,15.0
2026-01-13 01:34:06 -0800,14.5
2026-01-13 01:38:05 -0800,14.5
2026-01-13 01:53:32 -0800,15.0
2026-01-13 02:00:31 -0800,16.0
2026-01-13 02:08:59 -0800,15.0
2026-01-13 02:24:56 -0800,15.0
2026-01-13 02:28:55 -0800,15.0
2026-01-13 02:37:23 -0800,13.5
2026-01-13 02:49:51 -0800,13.5
2026-01-13 02:57:49 -0800,14.0
2026-01-13 03:09:17 -0800,13.0
2026-01-13 03:24:44 -0800,14.0
2026-01-13 03:35:41 -0800,15.0
2026-01-13 03:37:41 -0800,15.0
2026-01-13 03:51:38 -0800,15.0
2026-01-13 04:05:06 -0800,13.5
2026-01-13 04:07:05 -0800,13.5
2026-01-13 04:21:32 -0800,12.5
2026-01-13 04:28:01 -0800,15.0
2026-01-13 04:44:28 -0800,13.5
2026-01-13 04:49:27 -0800,14.5
2026-01-13 04:58:55 -0800,15.5
2026-01-13 05:08:23 -0800,13.5
2026-01-13 05:19:51 -0800,15.0
2026-01-13 05:27:19 -0800,15.0
2026-01-13 05:40:17 -0800,15.0
2026-01-13 05:51:14 -0800,14.5
2026-01-13 06:03:12 -0800,13.5
2026-01-13 06:05:42 -0800,14.5
2026-01-13 06:18:09 -0800,13.5
2026-01-13 06:25:38 -0800,13.0
2026-01-13 06:38:35 -0800,14.0
2026-01-13 06:50:03 -0800,12.5
2026-01-13 06:55:32 -0800,16.5
2026-01-13 07:07:30 -0800,14.5
2026-01-14 00:35:06 -0800,20.0
2026-01-14 00:48:04 -0800,15.5
2026-01-14 00:50:33 -0800,15.5
2026-01-14 01:02:01 -0800,16.5
2026-01-14 01:15:28 -0800,15.0
2026-01-14 01:22:57 -0800,14.0
2026-01-14 01:30:55 -0800,14.0
2026-01-14 01:48:52 -0800,15.5
2026-01-14 01:50:21 -0800,15.0
2026-01-14 02:05:48 -0800,14.5
2026-01-14 02:17:46 -0800,15.5
2026-01-14 02:23:45 -0800,16.0
2026-01-14 02:30:43 -0800,16.0
2026-01-14 02:44:11 -0800,16.0
2026-01-14 02:56:08 -0800,15.0
2026-01-14 03:00:37 -0800,15.5
2026-01-14 03:19:04 -0800,15.0
2026-01-14 03:20:33 -0800,17.0
2026-01-14 03:31:01 -0800,13.5
2026-01-14 03:46:28 -0800,13.5
2026-01-14 03:59:26 -0800,15.0
2026-01-14 04:00:26 -0800,15.0
2026-01-14 04:12:53 -0800,15.0
2026-01-14 04:21:21 -0800,15.0
2026-01-14 04:29:50 -0800,15.0
2026-01-14 04:47:46 -0800,14.5
2026-01-14 04:49:46 -0800,14.5
2026-01-14 05:06:12 -0800,13.0
2026-01-14 05:11:11 -0800,14.5
2026-01-14 05:22:39 -0800,11.5
2026-01-14 05:35:36 -0800,13.0
2026-01-14 05:45:34 -0800,15.0
2026-01-14 05:58:02 -0800,15.5
2026-01-14 06:05:30 -0800,15.0
2026-01-14 06:09:59 -0800,15.0
2026-01-14 06:19:28 -0800,15.5
2026-01-14 06:34:54 -0800,15.0
2026-01-14 06:43:53 -0800,14.0
2026-01-14 06:58:50 -0800,13.5
2026-01-14 07:06:18 -0800,13.5
2026-01-14 07:16:46 -0800,12.0
2026-01-15 00:08:06 -0800,17.0
2026-01-15 00:17:04 -0800,15.0
2026-01-15 00:25:03 -0800,14.0
2026-01-15 00:32:01 -0800,15.0
2026-01-15 00:41:59 -0800,15.5
2026-01-15 00:51:57 -0800,15.5
2026-01-15 01:03:25 -0800,13.0
2026-01-15 01:13:23 -0800,12.5
2026-01-15 01:29:50 -0800,15.5
2026-01-15 01:37:18 -0800,16.5
2026-01-15 01:49:46 -0800,15.5
2026-01-15 01:53:15 -0800,16.0
2026-01-15 02:03:43 -0800,15.0
2026-01-15 02:15:11 -0800,14.0
2026-01-15 02:26:09 -0800,13.0
2026-01-15 02:39:06 -0800,12.5
2026-01-15 02:42:35 -0800,14.5
2026-01-15 02:58:32 -0800,13.5
2026-01-15 03:09:30 -0800,13.5
2026-01-15 03:18:58 -0800,15.0
2026-01-15 03:24:57 -0800,15.0
2026-01-15 03:31:26 -0800,15.5
2026-01-15 03:44:53 -0800,15.5
2026-01-15 03:52:21 -0800,15.5
2026-01-15 04:07:48 -0800,15.0
2026-01-15 04:12:47 -0800,14.5
2026-01-15 04:26:14 -0800,13.0
2026-01-15 04:37:42 -0800,12.5
2026-01-15 04:48:40 -0800,15.0
2026-01-15 04:53:39 -0800,16.0
2026-01-15 05:01:37 -0800,14.5
2026-01-15 05:15:35 -0800,15.0
2026-01-15 05:22:03 -0800,15.0
2026-01-15 05:30:02 -0800,13.5
2026-01-15 05:45:29 -0800,14.5
2026-01-15 05:51:57 -0800,14.5
2026-01-15 06:01:55 -0800,15.0
2026-01-15 06:10:24 -0800,15.5
2026-01-15 06:21:21 -0800,13.0
2026-01-15 06:33:19 -0800,14.0
2026-01-15 06:45:46 -0800,14.0
2026-01-15 06:51:15 -0800,16.0
2026-01-15 07:06:12 -0800,14.5
2026-01-15 07:10:42 -0800,15.0
2026-01-15 07:28:08 -0800,13.0
2026-01-15 07:37:06 -0800,12.0
2026-01-15 07:46:05 -0800,13.5
2026-01-15 07:50:34 -0800,14.0
2026-01-16 00:25:35 -0800,17.5
2026-01-16 00:36:03 -0800,16.5
2026-01-16 00:49:00 -0800,15.5
2026-01-16 00:50:30 -0800,16.0
2026-01-16 01:07:26 -0800,15.0
2026-01-16 01:18:24 -0800,14.5
2026-01-16 01:25:53 -0800,15.0
2026-01-16 01:35:21 -0800,13.5
2026-01-16 01:40:20 -0800,13.5
2026-01-16 01:52:48 -0800,13.5
2026-01-16 02:07:45 -0800,16.0
2026-01-16 02:18:13 -0800,16.5
2026-01-16 02:26:11 -0800,15.0
2026-01-16 02:36:39 -0800,15.0
2026-01-16 02:40:38 -0800,14.0
2026-01-16 02:55:05 -0800,17.0
2026-01-16 03:05:04 -0800,14.5
2026-01-16 03:10:03 -0800,15.5
2026-01-16 03:25:30 -0800,13.5
2026-01-16 03:37:27 -0800,14.5
2026-01-16 03:46:25 -0800,15.0
2026-01-16 03:51:54 -0800,15.0
2026-01-16 03:59:53 -0800,16.0
2026-01-16 04:12:20 -0800,15.5
2026-01-16 04:27:18 -0800,15.0
2026-01-16 04:32:46 -0800,14.5
2026-01-16 04:45:44 -0800,13.0
2026-01-16 04:49:43 -0800,13.5
2026-01-16 05:03:40 -0800,13.0
2026-01-16 05:13:08 -0800,15.5
2026-01-16 05:22:37 -0800,16.0
2026-01-16 05:34:34 -0800,14.5
2026-01-16 05:48:01 -0800,15.0
2026-01-16 05:56:30 -0800,14.0
2026-01-16 05:58:29 -0800,14.5
2026-01-16 06:17:56 -0800,13.5
2026-01-16 06:20:55 -0800,14.5
2026-01-16 06:33:22 -0800,14.5
2026-01-16 06:42:51 -0800,15.0
2026-01-16 06:53:49 -0800,15.0
2026-01-16 07:05:16 -0800,13.0
2026-01-16 07:11:45 -0800,15.5
2026-01-16 07:22:43 -0800,15.0
2026-01-16 07:33:41 -0800,15.5
2026-01-17 01:30:14 -0800,15.0
2026-01-17 01:37:43 -0800,16.0
2026-01-17 01:41:42 -0800,17.0
2026-01-17 01:53:10 -0800,32.0
2026-01-17 02:05:07 -0800,14.5
2026-01-17 02:19:34 -0800,13.0
2026-01-17 02:30:02 -0800,13.0
2026-01-17 02:31:02 -0800,13.0
2026-01-17 02:43:59 -0800,14.5
2026-01-17 02:52:28 -0800,15.0
2026-01-17 03:07:55 -0800,16.0
2026-01-17 03:14:23 -0800,14.5
2026-01-17 03:28:50 -0800,14.5
2026-01-17 03:34:49 -0800,14.5
2026-01-17 03:41:48 -0800,13.5
2026-01-17 03:50:46 -0800,13.5
2026-01-17 04:00:14 -0800,13.0
2026-01-17 04:19:10 -0800,13.0
2026-01-17 04:23:39 -0800,12.5
2026-01-17 04:35:07 -0800,15.0
2026-01-17 04:49:34 -0800,14.5
2026-01-17 04:59:02 -0800,15.0
2026-01-17 05:00:32 -0800,14.5
2026-01-17 05:10:30 -0800,15.0
2026-01-17 05:22:27 -0800,13.5
2026-01-17 05:34:25 -0800,13.0
2026-01-17 05:44:23 -0800,14.5
2026-01-17 05:53:21 -0800,15.0
2026-01-17 06:07:18 -0800,12.5
2026-01-17 06:19:16 -0800,14.0
2026-01-17 06:22:15 -0800,14.5
2026-01-17 06:34:13 -0800,14.0
2026-01-17 06:44:11 -0800,16.0
2026-01-17 06:50:40 -0800,14.5
2026-01-17 07:07:36 -0800,15.5
2026-01-17 07:12:35 -0800,14.0
2026-01-17 07:21:33 -0800,14.0
2026-01-17 07:35:31 -0800,12.5
2026-01-17 07:44:29 -0800,14.5
2026-01-17 08:08:54 -0800,15.5
2026-01-17 08:09:54 -0800,14.5
2026-01-17 08:20:51 -0800,15.0
2026-01-17 08:38:18 -0800,13.5
2026-01-17 08:41:17 -0800,13.5
2026-01-17 08:49:16 -0800,13.0
2026-01-17 09:00:13 -0800,12.0
2026-01-17 09:13:41 -0800,13.0
2026-01-17 09:28:38 -0800,15.0
2026-01-17 09:33:37 -0800,14.5
2026-01-17 09:44:05 -0800,14.0
2026-01-17 09:51:33 -0800,14.0
2026-01-17 10:01:31 -0800,14.0
2026-01-17 10:11:29 -0800,13.5
2026-01-17 10:25:56 -0800,14.0
2026-01-18 01:15:22 -0800,18.5
2026-01-18 01:23:50 -0800,15.0
2026-01-18 01:36:18 -0800,15.0
2026-01-18 01:42:46 -0800,15.0
2026-01-18 01:53:14 -0800,14.5
2026-01-18 01:58:43 -0800,14.0
2026-01-18 02:13:40 -0800,15.0
2026-01-18 02:27:08 -0800,13.5
2026-01-18 02:32:07 -0800,14.5
2026-01-18 02:46:34 -0800,13.0
2026-01-18 02:53:03 -0800,15.5
2026-01-18 02:58:32 -0800,14.5
2026-01-18 03:13:58 -0800,14.0
2026-01-18 03:21:27 -0800,16.0
2026-01-18 03:28:26 -0800,15.0
2026-01-18 03:46:52 -0800,14.0
2026-01-18 03:47:52 -0800,13.5
2026-01-18 04:04:18 -0800,12.5
2026-01-18 04:11:47 -0800,15.5
2026-01-18 04:27:14 -0800,15.5
2026-01-18 04:28:43 -0800,15.5
2026-01-18 04:44:40 -0800,16.0
2026-01-18 04:52:39 -0800,15.5
2026-01-18 04:57:38 -0800,15.5
2026-01-18 05:13:35 -0800,15.0
2026-01-18 05:20:03 -0800,15.5
2026-01-18 05:28:02 -0800,15.5
2026-01-18 05:40:29 -0800,16.0
2026-01-18 05:47:58 -0800,17.0
2026-01-18 06:03:25 -0800,14.0
2026-01-18 06:14:52 -0800,15.0
2026-01-18 06:23:21 -0800,16.5
2026-01-18 06:32:49 -0800,15.0
2026-01-18 06:38:47 -0800,16.5
2026-01-18 06:53:44 -0800,17.0
2026-01-18 07:01:13 -0800,16.5
2026-01-18 07:15:40 -0800,14.5
2026-01-18 07:17:40 -0800,14.5
2026-01-18 07:36:06 -0800,14.0
2026-01-18 07:42:05 -0800,14.0
2026-01-18 07:53:03 -0800,13.5
2026-01-18 08:04:30 -0800,15.5
2026-01-18 08:14:29 -0800,16.0
2026-01-18 08:19:28 -0800,16.5
2026-01-18 08:34:25 -0800,15.5
2026-01-18 08:40:53 -0800,15.5
2026-01-18 08:47:22 -0800,15.5
2026-01-18 08:58:20 -0800,15.0
2026-01-19 02:03:59 -0800,15.5
2026-01-19 02:16:57 -0800,15.0
2026-01-19 02:22:55 -0800,15.5
2026-01-19 02:40:22 -0800,14.5
2026-01-19 02:48:50 -0800,14.0
2026-01-19 03:00:48 -0800,14.5
2026-01-19 03:03:17 -0800,13.0
2026-01-19 03:15:15 -0800,15.0
2026-01-19 03:27:12 -0800,16.5
2026-01-19 03:37:40 -0800,16.5
2026-01-19 03:48:08 -0800,15.0
2026-01-19 03:54:07 -0800,14.5
2026-01-19 04:10:34 -0800,15.0
2026-01-19 04:14:33 -0800,15.0
2026-01-19 04:24:01 -0800,12.0
2026-01-19 04:32:29 -0800,13.0
2026-01-19 04:45:57 -0800,19.5
2026-01-19 04:51:55 -0800,15.0
2026-01-19 05:10:51 -0800,15.0
2026-01-19 05:17:50 -0800,15.0
2026-01-19 05:30:47 -0800,15.5
2026-01-19 05:31:17 -0800,14.5
2026-01-19 05:45:44 -0800,14.5
2026-01-19 05:57:42 -0800,13.5
2026-01-19 06:03:41 -0800,15.0
2026-01-19 06:14:09 -0800,14.5
2026-01-19 06:21:07 -0800,13.5
2026-01-19 06:36:34 -0800,14.0
2026-01-19 06:42:33 -0800,18.0
2026-01-19 07:00:00 -0800,19.0
2026-01-19 07:04:59 -0800,15.5
2026-01-19 07:11:57 -0800,15.5
2026-01-19 07:30:23 -0800,13.5
2026-01-19 07:32:53 -0800,14.0
2026-01-19 07:49:20 -0800,13.0
2026-01-19 07:59:47 -0800,13.5
2026-01-19 08:06:16 -0800,14.0
2026-01-19 08:20:13 -0800,12.0
2026-01-19 08:24:42 -0800,16.0
2026-01-19 08:37:40 -0800,13.5
2026-01-19 08:49:08 -0800,14.5
2026-01-19 08:51:07 -0800,13.0
2026-01-19 09:02:35 -0800,13.5
2026-01-19 09:17:02 -0800,15.0
2026-01-19 09:28:59 -0800,15.0
2026-01-19 09:38:57 -0800,15.5
2026-01-19 09:40:27 -0800,15.0
2026-01-19 09:56:54 -0800,15.5
2026-01-19 10:03:23 -0800,13.5
2026-01-19 23:43:09 -0800,19.0
2026-01-19 23:55:36 -0800,17.0
2026-01-20 00:03:04 -0800,16.0
2026-01-20 00:11:03 -0800,16.5
2026-01-20 00:21:01 -0800,16.5
2026-01-20 00:30:59 -0800,17.5
2026-01-20 00:42:27 -0800,16.0
2026-01-20 00:53:54 -0800,14.5
2026-01-20 01:04:52 -0800,15.5
2026-01-20 01:06:52 -0800,15.5
2026-01-20 01:24:18 -0800,16.5
2026-01-20 01:29:47 -0800,15.5
2026-01-20 01:38:45 -0800,16.0
2026-01-20 01:49:43 -0800,16.5
2026-01-20 02:01:40 -0800,14.5
2026-01-20 02:08:09 -0800,14.5
2026-01-20 02:20:37 -0800,15.0
2026-01-20 02:30:35 -0800,17.0
2026-01-20 02:41:03 -0800,14.5
2026-01-20 02:55:00 -0800,19.0
2026-01-20 03:00:59 -0800,12.0
2026-01-20 03:08:57 -0800,13.5
2026-01-20 03:19:25 -0800,15.0
2026-01-20 03:30:23 -0800,16.0
2026-01-20 03:43:20 -0800,15.5
2026-01-20 03:53:18 -0800,15.0
2026-01-20 03:56:17 -0800,15.0
2026-01-20 04:12:14 -0800,14.5
2026-01-20 04:19:13 -0800,14.0
2026-01-20 04:29:11 -0800,14.5
2026-01-20 04:45:08 -0800,14.0
2026-01-20 04:47:37 -0800,14.5
2026-01-20 05:04:34 -0800,15.5
2026-01-20 05:09:33 -0800,15.5
2026-01-20 05:23:30 -0800,15.5
2026-01-20 05:27:59 -0800,15.0
2026-01-20 05:45:25 -0800,15.0
2026-01-20 05:48:55 -0800,15.5
2026-01-20 06:00:52 -0800,16.5
2026-01-20 06:08:51 -0800,16.0
2026-01-20 06:19:48 -0800,13.0
2026-01-20 06:25:47 -0800,14.0
2026-01-20 06:45:13 -0800,14.0
2026-01-20 06:48:43 -0800,14.0
2026-01-20 07:00:10 -0800,15.0
2026-01-20 07:11:08 -0800,14.0
2026-01-20 07:21:36 -0800,15.0
2026-01-20 07:26:35 -0800,15.0
2026-01-20 07:39:03 -0800,14.0
2026-01-20 07:49:30 -0800,13.5
2026-01-20 07:56:29 -0800,14.5
2026-01-20 08:11:26 -0800,13.0
2026-01-21 00:07:05 -0800,19.5
2026-01-21 00:09:34 -0800,17.5
2026-01-21 00:23:32 -0800,15.5
2026-01-21 00:34:29 -0800,15.5
2026-01-21 00:39:58 -0800,16.0
2026-01-21 00:51:56 -0800,17.0
2026-01-21 01:02:24 -0800,17.0
2026-01-21 01:12:22 -0800,14.5
2026-01-21 01:22:20 -0800,15.0
2026-01-21 01:38:47 -0800,14.5
2026-01-21 01:48:15 -0800,15.5
2026-01-21 01:52:14 -0800,16.0
2026-01-21 02:08:41 -0800,14.5
2026-01-21 02:09:41 -0800,15.0
2026-01-21 02:22:08 -0800,15.0
2026-01-21 02:34:36 -0800,15.0
2026-01-21 02:43:04 -0800,15.0
2026-01-21 02:50:32 -0800,14.5
2026-01-21 03:00:30 -0800,18.5
2026-01-21 03:18:27 -0800,15.0
2026-01-21 03:22:26 -0800,16.5
2026-01-21 03:36:53 -0800,16.0
2026-01-21 03:44:22 -0800,16.5
2026-01-21 03:49:21 -0800,15.5
2026-01-21 03:59:19 -0800,15.5
2026-01-21 04:16:15 -0800,14.5
2026-01-21 04:26:13 -0800,14.0
2026-01-21 04:34:41 -0800,15.5
2026-01-21 04:46:39 -0800,15.0
2026-01-21 04:51:38 -0800,14.5
2026-01-21 05:00:06 -0800,15.5
2026-01-21 05:15:33 -0800,14.5
2026-01-21 05:20:02 -0800,15.0
2026-01-21 05:29:30 -0800,14.0
2026-01-21 05:43:28 -0800,14.0
2026-01-21 05:51:26 -0800,17.5
2026-01-21 06:07:23 -0800,15.5
2026-01-21 06:15:21 -0800,15.5
2026-01-21 06:22:50 -0800,15.0
2026-01-22 01:02:10 -0800,17.5
2026-01-22 01:11:08 -0800,15.5
2026-01-22 01:18:07 -0800,15.5
2026-01-22 01:25:35 -0800,15.0
2026-01-22 01:40:32 -0800,16.0
2026-01-22 01:46:31 -0800,15.0
2026-01-22 01:55:59 -0800,15.0
2026-01-22 02:06:27 -0800,13.0
2026-01-22 02:20:24 -0800,15.5
2026-01-22 02:28:23 -0800,15.5
2026-01-22 02:42:50 -0800,15.0
2026-01-22 02:48:19 -0800,15.5
2026-01-22 02:59:16 -0800,14.5
2026-01-22 03:12:14 -0800,12.0
2026-01-22 03:20:42 -0800,14.5
2026-01-22 03:26:11 -0800,12.5
2026-01-22 03:39:38 -0800,14.0
2026-01-22 03:45:37 -0800,14.5
2026-01-22 04:01:04 -0800,13.0
2026-01-22 04:09:02 -0800,14.5
2026-01-22 04:15:01 -0800,14.5
2026-01-22 04:27:59 -0800,14.5
2026-01-22 04:39:26 -0800,15.0
2026-01-22 04:47:25 -0800,13.5
2026-01-22 04:52:54 -0800,14.5
2026-01-22 05:05:51 -0800,14.0
2026-01-22 05:13:49 -0800,13.0
2026-01-22 05:31:16 -0800,11.5
2026-01-22 05:36:45 -0800,12.5
2026-01-22 05:45:43 -0800,13.0
2026-01-22 05:56:11 -0800,14.0
2026-01-22 06:05:09 -0800,14.5
2026-01-22 06:21:06 -0800,14.5
2026-01-22 06:31:04 -0800,14.0
2026-01-22 06:35:33 -0800,14.5
2026-01-22 06:45:01 -0800,14.0
2026-01-22 06:58:28 -0800,13.5
2026-01-22 07:11:26 -0800,13.5
2026-01-22 07:18:24 -0800,13.5
2026-01-22 07:27:53 -0800,15.5
2026-01-22 07:35:51 -0800,14.0
2026-01-22 07:42:20 -0800,12.5
2026-01-23 01:27:13 -0800,16.0
2026-01-23 01:34:41 -0800,14.5
2026-01-23 01:38:10 -0800,14.5
2026-01-23 01:55:07 -0800,16.0
2026-01-23 01:58:06 -0800,16.5
2026-01-23 02:14:03 -0800,15.0
2026-01-23 02:26:31 -0800,16.0
2026-01-23 02:34:59 -0800,13.5
2026-01-23 02:44:57 -0800,15.0
2026-01-23 02:56:25 -0800,16.0
2026-01-23 03:03:53 -0800,15.5
2026-01-23 03:15:51 -0800,15.0
2026-01-23 03:17:50 -0800,14.5
2026-01-23 03:31:18 -0800,14.5
2026-01-23 03:40:16 -0800,15.0
2026-01-23 03:48:14 -0800,14.5
2026-01-23 04:02:41 -0800,12.0
2026-01-23 04:17:09 -0800,14.5
2026-01-23 04:18:08 -0800,14.5
2026-01-23 04:36:35 -0800,16.0
2026-01-23 04:44:33 -0800,16.0
2026-01-23 04:51:32 -0800,14.5
2026-01-23 04:58:00 -0800,14.0
2026-01-23 05:13:27 -0800,13.5
2026-01-23 05:17:26 -0800,16.5
2026-01-23 05:32:23 -0800,16.0
2026-01-23 05:45:51 -0800,14.0
2026-01-23 05:52:19 -0800,15.0
2026-01-23 05:57:18 -0800,16.0
2026-01-23 06:15:15 -0800,15.5
2026-01-23 06:21:43 -0800,16.0
2026-01-23 06:31:11 -0800,15.5
2026-01-23 06:42:09 -0800,14.5
2026-01-23 06:51:37 -0800,14.5
2026-01-23 07:02:35 -0800,16.0
2026-01-23 07:13:33 -0800,15.5
2026-01-23 07:23:01 -0800,13.0
2026-01-23 07:30:59 -0800,15.5
2026-01-23 07:40:27 -0800,15.5
2026-01-23 07:53:55 -0800,15.5
2026-01-23 08:02:23 -0800,15.5
2026-01-23 08:08:52 -0800,15.5
2026-01-23 08:17:50 -0800,13.5
2026-01-24 02:57:06 -0800,20.5
2026-01-24 02:59:05 -0800,20.0
2026-01-24 03:15:02 -0800,19.0
2026-01-25 02:26:18 -0800,15.0
2026-01-25 02:40:45 -0800,15.0
2026-01-25 02:51:43 -0800,16.0
2026-01-25 02:59:41 -0800,15.0
2026-01-25 03:11:09 -0800,14.5
2026-01-25 03:15:08 -0800,15.5
2026-01-25 03:30:05 -0800,15.0
2026-01-25 03:41:33 -0800,16.5
2026-01-25 03:48:02 -0800,15.0
2026-01-25 03:54:01 -0800,15.0
2026-01-25 04:09:58 -0800,14.0
2026-01-25 04:13:27 -0800,13.5
2026-01-25 04:30:53 -0800,13.5
2026-01-25 04:36:22 -0800,12.5
2026-01-25 04:42:21 -0800,11.5
2026-01-25 04:56:48 -0800,14.5
2026-01-25 05:07:16 -0800,13.0
2026-01-25 05:18:14 -0800,14.5
2026-01-25 05:26:12 -0800,15.0
2026-01-25 05:39:40 -0800,15.0
2026-01-25 05:47:08 -0800,15.0
2026-01-25 05:51:37 -0800,15.0
2026-01-25 06:02:35 -0800,13.5
2026-01-25 06:13:03 -0800,13.0
2026-01-25 06:22:01 -0800,14.5
2026-01-25 06:39:58 -0800,13.0
2026-01-25 06:48:56 -0800,14.5
2026-01-25 06:51:25 -0800,14.5
2026-01-25 07:08:52 -0800,15.0
2026-01-25 07:13:51 -0800,14.0
2026-01-25 07:26:48 -0800,15.0
2026-01-25 07:40:46 -0800,15.0
2026-01-25 07:50:14 -0800,14.5
2026-01-25 07:53:13 -0800,14.5
2026-01-25 08:03:41 -0800,14.5
2026-01-25 08:11:09 -0800,14.0
2026-01-25 08:21:37 -0800,11.5
2026-01-25 08:32:35 -0800,13.0
2026-01-25 08:48:02 -0800,13.0
2026-01-25 08:57:00 -0800,11.5
2026-01-25 09:03:29 -0800,13.5
2026-01-25 09:14:57 -0800,14.0
2026-01-25 09:25:25 -0800,13.5
2026-01-25 09:35:53 -0800,14.5
2026-01-25 09:44:51 -0800,15.5
2026-01-25 09:56:18 -0800,12.5
2026-01-25 10:10:16 -0800,14.5
2026-01-25 10:18:14 -0800,15.5
2026-01-25 23:46:13 -0800,18.0
2026-01-25 23:56:11 -0800,13.5
2026-01-26 00:02:40 -0800,13.5
2026-01-26 00:12:38 -0800,15.0
2026-01-26 00:21:36 -0800,14.0
2026-01-26 00:36:33 -0800,15.0
2026-01-26 00:41:32 -0800,15.5
2026-01-26 00:54:59 -0800,13.5
2026-01-26 00:56:59 -0800,12.5
2026-01-26 01:08:56 -0800,16.0
2026-01-26 01:20:54 -0800,14.5
2026-01-26 01:29:52 -0800,15.0
2026-01-26 01:45:19 -0800,15.0
2026-01-26 01:54:47 -0800,14.5
2026-01-26 01:56:47 -0800,15.0
2026-01-26 02:14:43 -0800,14.0
2026-01-26 02:19:42 -0800,13.5
2026-01-26 02:33:10 -0800,11.5
2026-01-26 02:44:08 -0800,13.0
2026-01-26 02:54:36 -0800,15.0
2026-01-26 03:02:34 -0800,14.5
2026-01-26 03:08:33 -0800,14.0
2026-01-26 03:17:31 -0800,15.0
2026-01-26 03:27:29 -0800,13.5
2026-01-26 03:42:56 -0800,14.5
2026-01-26 03:47:25 -0800,13.5
2026-01-26 04:01:52 -0800,13.0
2026-01-26 04:14:49 -0800,15.0
2026-01-26 04:20:18 -0800,13.0
2026-01-26 04:35:45 -0800,12.5
2026-01-26 04:45:13 -0800,14.0
2026-01-26 04:52:42 -0800,15.0
2026-01-26 05:04:10 -0800,16.0
2026-01-26 05:07:09 -0800,14.5
2026-01-26 05:20:36 -0800,14.0
2026-01-26 05:35:03 -0800,14.0
2026-01-26 05:40:02 -0800,14.5
2026-01-26 05:50:00 -0800,16.0
2026-01-26 06:02:58 -0800,12.5
2026-01-26 06:12:56 -0800,13.5
2026-01-26 06:15:55 -0800,12.5
2026-01-26 06:35:21 -0800,13.5
2026-01-26 06:38:51 -0800,15.5
2026-01-27 01:42:40 -0800,20.0
2026-01-27 01:45:40 -0800,17.0
2026-01-27 01:57:37 -0800,15.0
2026-01-27 02:12:04 -0800,16.5
2026-01-27 02:14:34 -0800,16.5
2026-01-27 02:25:02 -0800,16.5
2026-01-27 02:41:58 -0800,15.5
2026-01-27 02:44:28 -0800,14.0
2026-01-27 02:56:55 -0800,14.0
2026-01-27 03:12:52 -0800,15.0
2026-01-27 03:20:21 -0800,15.0
2026-01-27 03:30:49 -0800,15.5
2026-01-27 03:33:48 -0800,15.5
2026-01-27 03:47:45 -0800,15.5
2026-01-27 03:54:14 -0800,15.0
2026-01-27 04:03:12 -0800,16.0
2026-01-27 04:20:09 -0800,14.5
2026-01-27 04:23:38 -0800,13.0
2026-01-27 04:37:05 -0800,14.0
2026-01-27 04:47:33 -0800,14.0
2026-01-27 04:53:32 -0800,13.5
2026-01-27 05:10:59 -0800,14.5
2026-01-27 05:14:28 -0800,15.0
2026-01-27 05:23:26 -0800,15.0
2026-01-27 05:35:24 -0800,13.5
2026-01-27 05:44:52 -0800,14.5
2026-01-27 05:53:50 -0800,13.0
2026-01-27 06:04:18 -0800,13.0
2026-01-27 06:20:45 -0800,12.0
2026-01-27 06:31:13 -0800,14.5
2026-01-27 06:40:11 -0800,15.5
2026-01-27 06:42:40 -0800,15.5
2026-01-27 06:52:38 -0800,15.0
2026-01-27 07:09:05 -0800,16.0
2026-01-27 07:17:33 -0800,13.5
2026-01-27 07:28:01 -0800,14.0
2026-01-27 07:33:00 -0800,13.0
2026-01-27 07:42:28 -0800,13.0
2026-01-27 07:55:26 -0800,14.0
2026-01-27 08:11:52 -0800,14.5
2026-01-28 01:35:57 -0800,17.0
2026-01-28 01:43:26 -0800,14.0
2026-01-28 01:52:24 -0800,15.0
2026-01-28 02:03:22 -0800,16.0
2026-01-28 02:06:51 -0800,15.5
2026-01-28 02:24:47 -0800,16.0
2026-01-28 02:31:16 -0800,15.0
2026-01-28 02:38:45 -0800,15.0
2026-01-28 02:51:42 -0800,14.0
2026-01-28 03:04:40 -0800,15.0
2026-01-28 03:13:08 -0800,15.0
2026-01-28 03:25:06 -0800,15.5
2026-01-28 03:32:04 -0800,14.0
2026-01-28 03:45:02 -0800,18.5
2026-01-28 03:52:30 -0800,12.0
2026-01-28 04:02:58 -0800,12.5
2026-01-28 04:10:57 -0800,15.0
2026-01-28 04:24:54 -0800,15.0
2026-01-28 04:28:23 -0800,15.0
2026-01-28 04:39:21 -0800,14.5
2026-01-28 04:46:20 -0800,14.5
2026-01-28 05:03:46 -0800,14.0
2026-01-28 05:10:15 -0800,15.0
2026-01-28 05:21:13 -0800,12.0
2026-01-28 05:26:12 -0800,12.0
2026-01-28 05:38:39 -0800,11.5
2026-01-28 05:48:37 -0800,12.0
2026-01-28 05:59:05 -0800,12.0
2026-01-28 06:07:34 -0800,13.0
2026-01-28 06:21:31 -0800,14.0
2026-01-28 06:25:30 -0800,15.5
2026-01-28 06:38:57 -0800,14.5
2026-01-28 06:53:25 -0800,15.5
2026-01-28 06:56:24 -0800,15.5
2026-01-28 07:05:22 -0800,13.5
2026-01-28 07:16:50 -0800,15.0
2026-01-28 07:31:47 -0800,13.5
2026-01-28 07:44:15 -0800,12.5
2026-01-28 07:53:13 -0800,14.0
2026-01-28 07:55:12 -0800,13.0
2026-01-29 00:08:05 -0800,20.5
2026-01-29 00:25:31 -0800,14.0
2026-01-29 00:34:59 -0800,14.0
2026-01-29 00:40:28 -0800,15.0
2026-01-29 00:50:56 -0800,15.0
2026-01-29 00:57:55 -0800,13.0
2026-01-29 01:13:52 -0800,13.5
2026-01-29 01:21:20 -0800,13.5
2026-01-29 01:30:18 -0800,14.0
2026-01-29 01:44:16 -0800,15.0
2026-01-29 01:46:15 -0800,15.0
2026-01-29 01:59:42 -0800,15.0
2026-01-29 02:10:10 -0800,14.0
2026-01-29 02:15:39 -0800,16.5
2026-01-29 02:35:05 -0800,14.5
2026-01-29 02:44:04 -0800,15.0
2026-01-29 02:54:02 -0800,15.0
2026-01-29 03:04:00 -0800,14.5
2026-01-29 03:07:29 -0800,15.5
2026-01-29 03:15:27 -0800,16.0
2026-01-29 03:29:54 -0800,13.5
2026-01-29 03:44:51 -0800,16.0
2026-01-29 03:50:20 -0800,15.0
2026-01-29 04:02:18 -0800,15.5
2026-01-29 04:08:46 -0800,16.5
2026-01-29 04:16:45 -0800,15.5
2026-01-29 04:34:41 -0800,13.0
2026-01-29 04:38:11 -0800,14.0
2026-01-29 04:52:08 -0800,15.5
2026-01-29 04:58:37 -0800,15.0
2026-01-29 05:06:35 -0800,16.0
2026-01-29 05:21:02 -0800,15.5
2026-01-29 05:29:31 -0800,15.5
2026-01-29 05:35:59 -0800,15.0
2026-01-29 05:50:56 -0800,14.5
2026-01-29 05:58:25 -0800,13.5
2026-01-29 06:05:23 -0800,14.5
2026-01-29 06:16:21 -0800,13.0
2026-01-29 06:30:18 -0800,11.0
2026-01-29 06:42:16 -0800,13.0
2026-01-29 06:52:44 -0800,12.5
2026-01-29 06:55:43 -0800,13.5
2026-01-29 07:14:10 -0800,14.0
2026-01-29 07:21:38 -0800,14.0
2026-01-29 07:31:36 -0800,13.5
2026-01-30 01:16:50 -0800,17.5
2026-01-30 01:31:47 -0800,13.5
2026-01-30 01:38:46 -0800,14.5
2026-01-30 01:47:44 -0800,13.5
2026-01-30 01:55:42 -0800,14.5
2026-01-30 02:03:41 -0800,13.0
2026-01-30 02:15:38 -0800,13.0
2026-01-30 02:25:06 -0800,12.0
2026-01-30 02:43:03 -0800,15.5
2026-01-30 02:52:01 -0800,15.0
2026-01-30 02:54:31 -0800,15.5
2026-01-30 03:06:58 -0800,13.5
2026-01-30 03:14:27 -0800,13.0
2026-01-30 03:23:25 -0800,13.0
2026-01-30 03:41:51 -0800,13.0
2026-01-30 03:45:51 -0800,12.0
2026-01-30 03:54:19 -0800,14.5
2026-01-30 04:06:47 -0800,14.5
2026-01-30 04:21:14 -0800,14.0
2026-01-30 04:27:42 -0800,13.5
2026-01-30 04:35:41 -0800,14.5
2026-01-30 04:45:39 -0800,14.5
2026-01-30 04:55:37 -0800,14.5
2026-01-30 05:11:34 -0800,14.0
2026-01-30 05:21:32 -0800,12.0
2026-01-30 05:29:30 -0800,13.0
2026-01-30 05:35:59 -0800,13.0
2026-01-30 05:51:26 -0800,14.0
2026-01-30 05:54:25 -0800,13.5
2026-01-30 06:03:53 -0800,14.0
2026-01-30 06:22:20 -0800,14.0
2026-01-30 06:22:49 -0800,13.5
2026-01-30 06:39:16 -0800,12.5
2026-01-30 06:50:44 -0800,13.0
2026-01-30 06:58:12 -0800,12.5
2026-01-30 07:10:40 -0800,16.0
2026-01-30 07:13:09 -0800,18.0
2026-01-30 07:27:37 -0800,13.5
2026-01-30 07:35:35 -0800,14.0
2026-01-30 07:47:33 -0800,14.0
2026-01-30 07:53:01 -0800,13.5
2026-01-31 02:46:47 -0800,15.0
2026-01-31 02:55:15 -0800,15.0
2026-01-31 03:04:13 -0800,16.5
2026-01-31 03:15:11 -0800,15.0
2026-01-31 03:26:09 -0800,15.0
2026-01-31 03:32:37 -0800,14.0
2026-01-31 03:45:35 -0800,14.5
2026-01-31 03:55:33 -0800,15.0
2026-01-31 04:03:31 -0800,16.5
2026-01-31 04:16:29 -0800,15.0
2026-01-31 04:23:57 -0800,14.0
2026-01-31 04:36:25 -0800,14.0
2026-01-31 04:46:23 -0800,15.0
2026-01-31 04:51:52 -0800,15.5
2026-01-31 04:58:20 -0800,15.0
2026-01-31 05:11:48 -0800,15.5
2026-01-31 05:24:45 -0800,15.5
2026-01-31 05:28:14 -0800,15.0
2026-01-31 05:44:11 -0800,16.0
2026-01-31 05:53:09 -0800,13.0
2026-01-31 06:02:08 -0800,15.0
2026-01-31 06:14:05 -0800,15.0
2026-01-31 06:24:33 -0800,13.5
2026-01-31 06:34:31 -0800,12.5
2026-01-31 06:42:00 -0800,14.5
2026-01-31 06:48:58 -0800,15.0
2026-01-31 07:00:56 -0800,15.5
2026-01-31 07:17:23 -0800,15.0
2026-01-31 07:22:22 -0800,14.5
2026-01-31 07:31:20 -0800,14.0
2026-01-31 07:42:18 -0800,13.0
2026-01-31 07:48:46 -0800,13.0
2026-01-31 08:02:44 -0800,15.5
2026-01-31 08:13:41 -0800,13.5
2026-01-31 08:21:10 -0800,14.0
2026-01-31 08:27:39 -0800,14.5
2026-01-31 08:39:36 -0800,15.0
2026-01-31 08:54:03 -0800,13.5
2026-01-31 09:02:02 -0800,14.5
2026-01-31 09:09:00 -0800,15.0
2026-01-31 09:21:58 -0800,13.5
2026-01-31 09:30:56 -0800,14.0
2026-02-01 02:07:09 -0800,17.5
2026-02-01 02:22:38 -0800,13.5
2026-02-01 02:30:08 -0800,14.0
2026-02-01 02:40:07 -0800,15.0
2026-02-01 02:48:36 -0800,15.0
2026-02-01 03:03:33 -0800,14.5
2026-02-01 03:15:02 -0800,14.0
2026-02-01 03:16:32 -0800,15.0
2026-02-01 03:33:00 -0800,13.0
2026-02-01 03:43:59 -0800,14.0
2026-02-01 03:53:58 -0800,15.0
2026-02-01 04:00:27 -0800,14.0
2026-02-01 04:06:27 -0800,14.5
2026-02-01 04:20:57 -0800,15.0
2026-02-01 04:27:56 -0800,15.0
2026-02-01 04:42:56 -0800,14.0
2026-02-01 04:47:25 -0800,14.0
2026-02-01 05:04:24 -0800,13.5
2026-02-01 05:09:24 -0800,18.0
2026-02-01 05:21:22 -0800,13.0
2026-02-01 05:33:50 -0800,13.5
2026-02-01 05:43:49 -0800,15.5
2026-02-01 05:49:48 -0800,15.5
2026-02-01 06:04:47 -0800,15.5
2026-02-01 06:13:17 -0800,13.5
2026-02-01 06:20:47 -0800,13.5
2026-02-01 06:33:46 -0800,15.0
2026-02-01 06:38:16 -0800,13.5
2026-02-01 06:52:45 -0800,13.5
2026-02-01 07:02:14 -0800,14.5
2026-02-01 07:09:42 -0800,13.5
2026-02-01 07:22:11 -0800,13.5
2026-02-01 07:34:41 -0800,13.0
2026-02-01 07:41:40 -0800,14.0
2026-02-01 07:52:10 -0800,15.0
2026-02-01 07:58:40 -0800,15.5
2026-02-01 08:06:40 -0800,15.0
2026-02-01 08:17:09 -0800,15.5
2026-02-01 08:33:08 -0800,13.5
2026-02-01 08:38:08 -0800,14.5
2026-02-01 08:49:38 -0800,11.5
2026-02-01 08:56:37 -0800,12.5
2026-02-01 09:08:37 -0800,14.0
2026-02-01 09:19:37 -0800,13.5
2026-02-01 09:33:05 -0800,13.0
2026-02-01 09:35:05 -0800,14.5
2026-02-02 01:37:28 -0800,15.0
2026-02-02 01:50:25 -0800,15.0
2026-02-02 01:55:24 -0800,15.5
2026-02-02 02:05:52 -0800,15.0
2026-02-02 02:16:50 -0800,14.5
2026-02-02 02:27:48 -0800,14.5
2026-02-02 02:38:16 -0800,13.0
2026-02-02 02:51:13 -0800,14.5
2026-02-02 02:59:12 -0800,14.0
2026-02-02 03:05:40 -0800,15.0
2026-02-02 03:18:38 -0800,14.5
2026-02-02 03:30:35 -0800,15.0
2026-02-02 03:42:03 -0800,13.5
2026-02-02 03:49:02 -0800,14.5
2026-02-02 03:58:00 -0800,15.5
2026-02-02 04:12:57 -0800,14.5
2026-02-02 04:21:25 -0800,13.0
2026-02-02 04:29:24 -0800,14.5
2026-02-02 04:35:23 -0800,15.0
2026-02-02 04:45:50 -0800,13.5
2026-02-02 05:01:17 -0800,15.5
2026-02-02 05:07:16 -0800,15.0
2026-02-02 05:19:14 -0800,15.0
2026-02-02 05:27:42 -0800,14.5
2026-02-02 05:34:11 -0800,13.0
2026-02-02 05:53:07 -0800,13.0
2026-02-02 05:56:36 -0800,14.0
2026-02-02 06:08:34 -0800,14.5
2026-02-02 06:23:01 -0800,15.0
2026-02-02 06:28:00 -0800,17.0
2026-02-02 06:40:57 -0800,14.5
2026-02-02 06:45:26 -0800,14.0
2026-02-02 06:54:25 -0800,13.5
2026-02-02 07:05:52 -0800,12.5
2026-02-02 07:17:50 -0800,13.5
2026-02-02 07:26:48 -0800,15.0
2026-02-02 07:33:47 -0800,14.0
2026-02-02 07:46:14 -0800,13.0
2026-02-02 07:59:42 -0800,15.0
2026-02-02 08:07:10 -0800,14.5
2026-02-02 08:18:08 -0800,12.5
2026-02-02 08:31:05 -0800,14.0
2026-02-02 08:37:34 -0800,14.5
2026-02-03 00:15:23 -0800,20.0
2026-02-03 00:29:50 -0800,15.0
2026-02-03 00:34:49 -0800,16.0
2026-02-03 00:44:47 -0800,16.0
2026-02-03 00:59:44 -0800,15.0
2026-02-03 01:01:14 -0800,14.5
2026-02-03 01:11:42 -0800,12.5
2026-02-03 01:27:09 -0800,13.0
2026-02-03 01:39:36 -0800,15.0
2026-02-03 01:43:35 -0800,14.5
2026-02-03 01:51:04 -0800,15.0
2026-02-03 02:09:30 -0800,15.0
2026-02-03 02:19:58 -0800,15.0
2026-02-03 02:21:58 -0800,14.0
2026-02-03 02:34:55 -0800,15.0
2026-02-03 02:46:53 -0800,13.0
2026-02-03 02:55:21 -0800,14.5
2026-02-03 03:07:49 -0800,15.0
2026-02-03 03:14:17 -0800,14.5
2026-02-03 03:27:15 -0800,15.0
2026-02-03 03:30:44 -0800,16.5
2026-02-03 03:46:11 -0800,14.0
2026-02-03 03:59:08 -0800,15.0
2026-02-03 04:02:38 -0800,15.0
2026-02-03 04:10:06 -0800,14.0
2026-02-03 04:21:34 -0800,17.0
2026-02-03 04:32:02 -0800,16.5
2026-02-03 04:40:00 -0800,12.5
2026-02-03 04:58:56 -0800,14.0
2026-02-03 04:59:56 -0800,14.5
2026-02-03 05:12:23 -0800,15.0
2026-02-03 05:23:21 -0800,15.0
2026-02-03 05:37:18 -0800,15.0
2026-02-03 05:42:17 -0800,14.5
2026-02-03 05:57:44 -0800,14.0
2026-02-03 06:00:14 -0800,15.0
2026-02-03 06:09:42 -0800,13.0
2026-02-03 06:28:38 -0800,13.5
2026-02-03 06:37:06 -0800,13.0
2026-02-03 06:46:35 -0800,13.0
2026-02-03 06:59:02 -0800,14.5
2026-02-03 07:06:31 -0800,15.5
2026-02-03 07:12:00 -0800,15.0
2026-02-03 07:27:56 -0800,14.5
2026-02-03 07:29:26 -0800,16.0
2026-02-04 00:52:21 -0800,18.5
2026-02-04 01:14:47 -0800,14.5
2026-02-04 01:19:16 -0800,16.0
2026-02-04 01:32:43 -0800,15.5
2026-02-04 01:36:13 -0800,15.0
2026-02-04 01:46:11 -0800,15.5
2026-02-04 01:58:08 -0800,13.5
2026-02-04 02:10:06 -0800,13.5
2026-02-04 02:21:34 -0800,14.5
2026-02-04 02:30:02 -0800,15.0
2026-02-04 02:41:00 -0800,14.5
2026-02-04 02:52:57 -0800,13.0
2026-02-04 02:55:27 -0800,14.0
2026-02-04 03:13:53 -0800,13.0
2026-02-04 03:21:22 -0800,12.5
2026-02-04 03:25:21 -0800,14.0
2026-02-04 03:35:49 -0800,14.5
2026-02-04 03:54:15 -0800,14.0
2026-02-04 03:58:44 -0800,14.5
2026-02-04 04:11:41 -0800,15.5
2026-02-04 04:17:10 -0800,13.0
2026-02-04 04:31:08 -0800,12.0
2026-02-04 04:36:36 -0800,14.5
2026-02-04 04:53:33 -0800,15.0
2026-02-04 04:58:32 -0800,14.5
2026-02-04 05:08:00 -0800,15.0
2026-02-04 05:19:28 -0800,13.5
2026-02-04 05:29:26 -0800,13.5
2026-02-04 05:35:55 -0800,13.0
2026-02-04 05:45:23 -0800,13.0
2026-02-04 05:54:21 -0800,13.5
2026-02-04 06:08:48 -0800,13.0
2026-02-04 06:15:17 -0800,12.0
2026-02-04 06:33:13 -0800,11.5
2026-02-04 06:38:12 -0800,13.0
2026-02-04 06:51:40 -0800,15.0
2026-02-04 06:56:39 -0800,15.0
2026-02-04 07:04:37 -0800,15.5
2026-02-04 07:14:35 -0800,15.5
2026-02-04 07:25:03 -0800,16.0
2026-02-04 07:39:00 -0800,14.0
2026-02-04 07:47:59 -0800,13.0
2026-02-05 02:36:01 -0800,13.0
2026-02-05 02:43:29 -0800,14.0
2026-02-05 02:54:57 -0800,15.0
2026-02-05 03:00:56 -0800,15.0
2026-02-05 03:06:25 -0800,13.5
2026-02-05 03:19:52 -0800,11.5
2026-02-05 03:26:51 -0800,13.0
2026-02-05 03:39:48 -0800,13.5
2026-02-05 03:48:17 -0800,15.5
2026-02-05 04:02:44 -0800,15.0
2026-02-05 04:06:43 -0800,15.5
2026-02-05 04:19:40 -0800,13.0
2026-02-05 04:27:39 -0800,13.0
2026-02-05 04:44:36 -0800,13.0
2026-02-05 04:54:04 -0800,14.5
2026-02-05 05:04:32 -0800,12.5
2026-02-05 05:15:00 -0800,14.5
2026-02-05 05:17:59 -0800,15.0
2026-02-05 05:29:57 -0800,14.5
2026-02-05 05:40:25 -0800,13.5
2026-02-05 05:50:23 -0800,13.0
2026-02-05 06:01:50 -0800,13.5
2026-02-05 06:06:49 -0800,13.5
2026-02-05 06:23:16 -0800,12.5
2026-02-05 06:34:44 -0800,14.5
2026-02-05 06:43:12 -0800,15.5
2026-02-05 06:50:11 -0800,13.5
2026-02-05 07:03:08 -0800,13.0
2026-02-05 07:13:36 -0800,15.0
2026-02-05 07:17:35 -0800,15.5
2026-02-05 07:34:32 -0800,15.0
2026-02-05 07:39:01 -0800,15.0
2026-02-05 07:48:29 -0800,14.0
2026-02-05 07:56:57 -0800,12.0
2026-02-05 08:10:25 -0800,13.0
2026-02-05 08:15:24 -0800,12.0
2026-02-07 02:39:08 -0800,15.0
2026-02-07 02:49:36 -0800,15.0
2026-02-07 02:59:04 -0800,16.0
2026-02-07 03:08:32 -0800,16.5
2026-02-07 03:15:01 -0800,16.0
2026-02-07 03:29:28 -0800,16.0
2026-02-07 03:34:57 -0800,14.5
2026-02-07 03:52:23 -0800,15.5
2026-02-07 03:57:52 -0800,16.0
2026-02-07 04:04:51 -0800,16.0
2026-02-07 04:18:48 -0800,15.0
2026-02-07 04:27:16 -0800,15.5
2026-02-07 04:35:45 -0800,15.5
2026-02-07 04:46:42 -0800,15.0
2026-02-07 04:56:11 -0800,15.0
2026-02-07 05:02:39 -0800,17.0
2026-02-07 05:14:37 -0800,14.0
2026-02-07 05:22:35 -0800,14.5
2026-02-07 05:33:33 -0800,14.5
2026-02-07 05:51:59 -0800,16.5
2026-02-07 05:58:58 -0800,15.5
2026-02-07 06:06:56 -0800,17.0
2026-02-07 06:15:55 -0800,14.5
2026-02-07 06:24:53 -0800,15.0
2026-02-07 06:34:51 -0800,13.5
2026-02-07 06:47:48 -0800,12.5
2026-02-07 06:52:47 -0800,14.5
2026-02-07 07:08:15 -0800,13.0
2026-02-07 07:15:13 -0800,14.0
2026-02-07 07:30:40 -0800,14.0
2026-02-07 07:33:09 -0800,15.0
2026-02-07 07:42:38 -0800,13.0
2026-02-07 07:57:35 -0800,15.5
2026-02-07 08:06:33 -0800,16.0
2026-02-07 08:17:01 -0800,12.5
2026-02-07 08:24:29 -0800,13.5
2026-02-07 08:31:58 -0800,14.0
2026-02-07 08:43:55 -0800,15.0
2026-02-07 08:55:23 -0800,15.5
2026-02-07 09:08:51 -0800,15.0
2026-02-07 09:16:49 -0800,13.5
2026-02-07 09:29:17 -0800,16.5
2026-02-07 09:41:14 -0800,15.0
2026-02-07 09:47:43 -0800,15.0
2026-02-07 09:56:41 -0800,14.5
2026-02-07 10:09:09 -0800,15.5
2026-02-07 10:20:37 -0800,15.5
2026-02-07 10:31:04 -0800,15.0
2026-02-07 10:32:04 -0800,15.5
2026-02-08 04:00:50 -0800,13.0
2026-02-08 04:09:18 -0800,14.5
2026-02-08 04:15:47 -0800,15.0
2026-02-08 04:24:15 -0800,15.0
2026-02-08 04:34:13 -0800,15.0
2026-02-08 04:43:11 -0800,14.5
2026-02-08 04:52:09 -0800,14.5
2026-02-08 05:07:06 -0800,14.0
2026-02-08 05:18:34 -0800,15.5
2026-02-08 05:22:03 -0800,15.0
2026-02-08 05:36:30 -0800,13.5
2026-02-08 05:43:29 -0800,14.0
2026-02-08 06:00:26 -0800,14.5
2026-02-08 06:03:55 -0800,14.0
2026-02-08 06:17:52 -0800,15.0
2026-02-08 06:21:22 -0800,15.5
2026-02-08 06:37:48 -0800,15.0
2026-02-08 06:47:17 -0800,13.0
2026-02-08 06:52:16 -0800,13.0
2026-02-08 07:06:13 -0800,14.5
2026-02-08 07:14:41 -0800,15.0
2026-02-08 07:28:09 -0800,15.0
2026-02-08 07:36:07 -0800,15.0
2026-02-08 07:42:36 -0800,14.5
2026-02-08 07:56:03 -0800,16.0
2026-02-08 08:00:32 -0800,13.0
2026-02-08 08:12:00 -0800,17.0
2026-02-08 08:28:26 -0800,14.0
2026-02-08 08:31:56 -0800,14.5
2026-02-08 08:42:24 -0800,16.0
2026-02-08 08:51:52 -0800,14.5
2026-02-08 09:02:20 -0800,15.0
2026-02-08 09:14:47 -0800,14.0
2026-02-08 09:25:45 -0800,15.0
2026-02-08 09:32:44 -0800,13.0
2026-02-08 09:44:12 -0800,16.0
2026-02-08 09:53:40 -0800,13.0
2026-02-08 10:06:37 -0800,14.5
2026-02-13 07:00:25 -0800,32.0
