start_time,end_time,duration_hours,sleep_stage
2025-12-29 00:21:14 -0800,2025-12-29 00:22:44 -0800,0.0250,Deep Sleep
2025-12-29 00:22:44 -0800,2025-12-29 00:34:12 -0800,0.1911,Core Sleep
2025-12-29 00:34:12 -0800,2025-12-29 00:44:40 -0800,0.1744,Deep Sleep
2025-12-29 00:44:40 -0800,2025-12-29 01:06:35 -0800,0.3653,Core Sleep
2025-12-29 01:06:35 -0800,2025-12-29 01:33:00 -0800,0.4403,Deep Sleep
2025-12-29 01:33:00 -0800,2025-12-29 01:36:29 -0800,0.0581,Awake
2025-12-29 01:36:29 -0800,2025-12-29 02:55:14 -0800,1.3125,Core Sleep
2025-12-29 02:55:14 -0800,2025-12-29 03:32:07 -0800,0.6147,REM Sleep
2025-12-29 03:32:07 -0800,2025-12-29 04:11:29 -0800,0.6561,Core Sleep
2025-12-29 04:11:29 -0800,2025-12-29 04:20:57 -0800,0.1578,Deep Sleep
2025-12-29 04:20:57 -0800,2025-12-29 04:44:53 -0800,0.3989,Core Sleep
2025-12-29 04:44:53 -0800,2025-12-29 05:06:18 -0800,0.3569,REM Sleep
2025-12-29 05:06:18 -0800,2025-12-29 06:07:07 -0800,1.0136,Core Sleep
2025-12-29 06:07:07 -0800,2025-12-29 06:49:28 -0800,0.7058,REM Sleep
2025-12-29 06:49:28 -0800,2025-12-29 07:01:56 -0800,0.2078,Core Sleep
2025-12-30 01:41:01 -0800,2025-12-30 01:53:59 -0800,0.2161,Core Sleep
2025-12-30 01:53:59 -0800,2025-12-30 02:08:26 -0800,0.2408,Deep Sleep
2025-12-30 02:08:26 -0800,2025-12-30 02:22:53 -0800,0.2408,Core Sleep
2025-12-30 02:22:53 -0800,2025-12-30 02:40:50 -0800,0.2992,Deep Sleep
2025-12-30 02:40:50 -0800,2025-12-30 03:44:36 -0800,1.0628,Core Sleep
2025-12-30 03:44:36 -0800,2025-12-30 03:59:33 -0800,0.2492,Deep Sleep
2025-12-30 03:59:33 -0800,2025-12-30 04:02:03 -0800,0.0417,Core Sleep
2025-12-30 04:02:03 -0800,2025-12-30 04:05:02 -0800,0.0497,Deep Sleep
2025-12-30 04:05:02 -0800,2025-12-30 04:05:32 -0800,0.0083,Core Sleep
2025-12-30 04:05:32 -0800,2025-12-30 04:06:02 -0800,0.0083,Awake
2025-12-30 04:06:02 -0800,2025-12-30 04:12:01 -0800,0.0997,Core Sleep
2025-12-30 04:12:01 -0800,2025-12-30 04:44:54 -0800,0.5481,REM Sleep
2025-12-30 04:44:54 -0800,2025-12-30 05:19:18 -0800,0.5733,Core Sleep
2025-12-30 05:19:18 -0800,2025-12-30 05:20:47 -0800,0.0247,Deep Sleep
2025-12-30 05:20:47 -0800,2025-12-30 05:33:15 -0800,0.2078,Core Sleep
2025-12-30 05:33:15 -0800,2025-12-30 05:49:42 -0800,0.2742,REM Sleep
2025-12-30 05:49:42 -0800,2025-12-30 06:36:03 -0800,0.7725,Core Sleep
2025-12-30 06:36:03 -0800,2025-12-30 06:52:29 -0800,0.2739,REM Sleep
2025-12-30 06:52:29 -0800,2025-12-30 06:58:58 -0800,0.1081,Core Sleep
2025-12-30 06:58:58 -0800,2025-12-30 07:25:53 -0800,0.4486,REM Sleep
2025-12-30 07:25:53 -0800,2025-12-30 07:42:50 -0800,0.2825,Core Sleep
2025-12-30 07:42:50 -0800,2025-12-30 07:53:48 -0800,0.1828,Awake
2025-12-30 07:53:48 -0800,2025-12-30 08:32:10 -0800,0.6394,Core Sleep
2025-12-30 08:32:10 -0800,2025-12-30 08:45:38 -0800,0.2244,Deep Sleep
2025-12-30 08:45:38 -0800,2025-12-30 08:48:37 -0800,0.0497,Awake
2025-12-30 08:48:37 -0800,2025-12-30 09:06:04 -0800,0.2908,Core Sleep
2025-12-31 02:05:39 -0800,2025-12-31 02:21:36 -0800,0.2658,Core Sleep
2025-12-31 02:21:36 -0800,2025-12-31 02:23:36 -0800,0.0333,Awake
2025-12-31 02:23:36 -0800,2025-12-31 02:33:34 -0800,0.1661,Core Sleep
2025-12-31 02:33:34 -0800,2025-12-31 03:02:58 -0800,0.4900,Deep Sleep
2025-12-31 03:02:58 -0800,2025-12-31 03:09:56 -0800,0.1161,Core Sleep
2025-12-31 03:09:56 -0800,2025-12-31 03:19:55 -0800,0.1664,REM Sleep
2025-12-31 03:19:55 -0800,2025-12-31 03:49:19 -0800,0.4900,Core Sleep
2025-12-31 03:49:19 -0800,2025-12-31 04:11:14 -0800,0.3653,Deep Sleep
2025-12-31 04:11:14 -0800,2025-12-31 04:11:44 -0800,0.0083,Core Sleep
2025-12-31 04:11:44 -0800,2025-12-31 04:12:14 -0800,0.0083,Awake
2025-12-31 04:12:14 -0800,2025-12-31 04:20:43 -0800,0.1414,Core Sleep
2025-12-31 04:20:43 -0800,2025-12-31 04:21:12 -0800,0.0081,Awake
2025-12-31 04:21:12 -0800,2025-12-31 04:30:41 -0800,0.1581,Core Sleep
2025-12-31 04:30:41 -0800,2025-12-31 05:13:32 -0800,0.7142,REM Sleep
2025-12-31 05:13:32 -0800,2025-12-31 05:51:24 -0800,0.6311,Core Sleep
2025-12-31 05:51:24 -0800,2025-12-31 05:58:23 -0800,0.1164,Deep Sleep
2025-12-31 05:58:23 -0800,2025-12-31 06:15:20 -0800,0.2825,Core Sleep
2025-12-31 06:15:20 -0800,2025-12-31 06:18:19 -0800,0.0497,Awake
2025-12-31 06:18:19 -0800,2025-12-31 06:21:19 -0800,0.0500,Core Sleep
2025-12-31 06:21:19 -0800,2025-12-31 06:34:16 -0800,0.2158,REM Sleep
2025-12-31 06:34:16 -0800,2025-12-31 07:21:07 -0800,0.7808,Core Sleep
2025-12-31 07:21:07 -0800,2025-12-31 07:23:07 -0800,0.0333,Awake
2025-12-31 07:23:07 -0800,2025-12-31 07:29:05 -0800,0.0994,Core Sleep
2025-12-31 07:29:05 -0800,2025-12-31 07:43:03 -0800,0.2328,REM Sleep
2025-12-31 07:43:03 -0800,2025-12-31 07:44:03 -0800,0.0167,Awake
2025-12-31 07:44:03 -0800,2025-12-31 08:19:56 -0800,0.5981,REM Sleep
2025-12-31 08:19:56 -0800,2025-12-31 08:34:53 -0800,0.2492,Core Sleep
2025-12-31 08:34:53 -0800,2025-12-31 08:35:52 -0800,0.0164,Awake
2025-12-31 08:35:52 -0800,2025-12-31 09:01:47 -0800,0.4319,Core Sleep
2025-12-31 09:01:47 -0800,2025-12-31 09:06:16 -0800,0.0747,Awake
2025-12-31 09:06:16 -0800,2025-12-31 09:40:10 -0800,0.5650,Core Sleep
2025-12-31 09:40:10 -0800,2025-12-31 09:52:07 -0800,0.1992,REM Sleep
2026-01-01 03:22:20 -0800,2026-01-01 03:42:16 -0800,0.3322,Core Sleep
2026-01-01 03:42:16 -0800,2026-01-01 04:09:11 -0800,0.4486,Deep Sleep
2026-01-01 04:09:11 -0800,2026-01-01 04:22:08 -0800,0.2158,Core Sleep
2026-01-01 04:22:08 -0800,2026-01-01 04:22:38 -0800,0.0083,Deep Sleep
2026-01-01 04:22:38 -0800,2026-01-01 04:24:08 -0800,0.0250,Core Sleep
2026-01-01 04:24:08 -0800,2026-01-01 04:32:06 -0800,0.1328,Deep Sleep
2026-01-01 04:32:06 -0800,2026-01-01 04:45:04 -0800,0.2161,Core Sleep
2026-01-01 04:45:04 -0800,2026-01-01 04:46:34 -0800,0.0250,Awake
2026-01-01 04:46:34 -0800,2026-01-01 04:54:02 -0800,0.1244,Core Sleep
2026-01-01 04:54:02 -0800,2026-01-01 05:07:59 -0800,0.2325,REM Sleep
2026-01-01 05:07:59 -0800,2026-01-01 05:37:24 -0800,0.4903,Core Sleep
2026-01-01 05:37:24 -0800,2026-01-01 05:49:51 -0800,0.2075,Deep Sleep
2026-01-01 05:49:51 -0800,2026-01-01 06:10:17 -0800,0.3406,Core Sleep
2026-01-01 06:10:17 -0800,2026-01-01 06:13:47 -0800,0.0583,Awake
2026-01-01 06:13:47 -0800,2026-01-01 06:41:11 -0800,0.4567,Core Sleep
2026-01-01 06:41:11 -0800,2026-01-01 07:06:36 -0800,0.4236,REM Sleep
2026-01-01 07:06:36 -0800,2026-01-01 07:07:36 -0800,0.0167,Awake
2026-01-01 07:07:36 -0800,2026-01-01 08:15:52 -0800,1.1378,Core Sleep
2026-01-01 08:15:52 -0800,2026-01-01 08:58:43 -0800,0.7142,REM Sleep
2026-01-01 08:58:43 -0800,2026-01-01 09:00:43 -0800,0.0333,Awake
2026-01-01 09:00:43 -0800,2026-01-01 09:44:34 -0800,0.7308,Core Sleep
2026-01-01 09:44:34 -0800,2026-01-01 09:56:02 -0800,0.1911,Awake
2026-01-01 09:56:02 -0800,2026-01-01 10:06:30 -0800,0.1744,Core Sleep
2026-01-01 10:06:30 -0800,2026-01-01 10:30:55 -0800,0.4069,REM Sleep
2026-01-01 10:30:55 -0800,2026-01-01 10:31:25 -0800,0.0083,Core Sleep
2026-01-01 10:31:25 -0800,2026-01-01 10:33:24 -0800,0.0331,Awake
2026-01-01 10:33:24 -0800,2026-01-01 11:00:19 -0800,0.4486,Core Sleep
2026-01-01 11:00:19 -0800,2026-01-01 11:07:18 -0800,0.1164,Awake
2026-01-01 11:07:18 -0800,2026-01-01 11:39:41 -0800,0.5397,Core Sleep
2026-01-01 11:39:41 -0800,2026-01-01 11:58:07 -0800,0.3072,REM Sleep
2026-01-02 02:23:18 -0800,2026-01-02 02:39:15 -0800,0.2658,Core Sleep
2026-01-02 02:39:15 -0800,2026-01-02 03:06:09 -0800,0.4483,Deep Sleep
2026-01-02 03:06:09 -0800,2026-01-02 03:06:39 -0800,0.0083,Awake
2026-01-02 03:06:39 -0800,2026-01-02 03:16:37 -0800,0.1661,Core Sleep
2026-01-02 03:16:37 -0800,2026-01-02 03:18:07 -0800,0.0250,Deep Sleep
2026-01-02 03:18:07 -0800,2026-01-02 04:02:28 -0800,0.7392,Core Sleep
2026-01-02 04:02:28 -0800,2026-01-02 04:10:56 -0800,0.1411,Deep Sleep
2026-01-02 04:10:56 -0800,2026-01-02 04:22:24 -0800,0.1911,Core Sleep
2026-01-02 04:22:24 -0800,2026-01-02 04:24:53 -0800,0.0414,Deep Sleep
2026-01-02 04:24:53 -0800,2026-01-02 05:10:44 -0800,0.7642,Core Sleep
2026-01-02 05:10:44 -0800,2026-01-02 05:32:39 -0800,0.3653,REM Sleep
2026-01-02 05:32:39 -0800,2026-01-02 05:34:09 -0800,0.0250,Awake
2026-01-02 05:34:09 -0800,2026-01-02 05:50:36 -0800,0.2742,REM Sleep
2026-01-02 05:50:36 -0800,2026-01-02 05:51:36 -0800,0.0167,Awake
2026-01-02 05:51:36 -0800,2026-01-02 06:35:27 -0800,0.7308,Core Sleep
2026-01-02 06:35:27 -0800,2026-01-02 06:46:25 -0800,0.1828,Deep Sleep
2026-01-02 06:46:25 -0800,2026-01-02 07:09:50 -0800,0.3903,Core Sleep
2026-01-02 07:09:50 -0800,2026-01-02 07:36:15 -0800,0.4403,REM Sleep
2026-01-02 07:36:15 -0800,2026-01-02 07:37:15 -0800,0.0167,Awake
2026-01-02 07:37:15 -0800,2026-01-02 08:32:34 -0800,0.9219,Core Sleep
2026-01-02 08:32:34 -0800,2026-01-02 09:33:22 -0800,1.0133,REM Sleep
2026-01-02 09:33:22 -0800,2026-01-02 09:48:49 -0800,0.2575,Core Sleep
2026-01-02 09:48:49 -0800,2026-01-02 09:50:48 -0800,0.0331,Awake
2026-01-02 09:50:48 -0800,2026-01-02 10:05:45 -0800,0.2492,Core Sleep
2026-01-03 05:01:46 -0800,2026-01-03 05:24:12 -0800,0.3739,Core Sleep
2026-01-03 05:24:12 -0800,2026-01-03 05:34:40 -0800,0.1744,Deep Sleep
2026-01-03 05:34:40 -0800,2026-01-03 05:41:08 -0800,0.1078,Core Sleep
2026-01-03 05:41:08 -0800,2026-01-03 05:43:38 -0800,0.0417,Deep Sleep
2026-01-03 05:43:38 -0800,2026-01-03 05:46:37 -0800,0.0497,Core Sleep
2026-01-03 05:46:37 -0800,2026-01-03 05:47:37 -0800,0.0167,Deep Sleep
2026-01-03 05:47:37 -0800,2026-01-03 05:48:07 -0800,0.0083,Core Sleep
2026-01-03 05:48:07 -0800,2026-01-03 05:49:37 -0800,0.0250,Deep Sleep
2026-01-03 05:49:37 -0800,2026-01-03 06:00:05 -0800,0.1744,Core Sleep
2026-01-03 06:00:05 -0800,2026-01-03 06:01:34 -0800,0.0247,Deep Sleep
2026-01-03 06:01:34 -0800,2026-01-03 06:03:04 -0800,0.0250,Core Sleep
2026-01-03 06:03:04 -0800,2026-01-03 06:04:04 -0800,0.0167,Awake
2026-01-03 06:04:04 -0800,2026-01-03 06:22:00 -0800,0.2989,Core Sleep
2026-01-03 06:22:00 -0800,2026-01-03 06:36:28 -0800,0.2411,Deep Sleep
2026-01-03 06:36:28 -0800,2026-01-03 07:07:51 -0800,0.5231,Core Sleep
2026-01-03 07:07:51 -0800,2026-01-03 07:11:51 -0800,0.0667,Deep Sleep
2026-01-03 07:11:51 -0800,2026-01-03 07:18:49 -0800,0.1161,Core Sleep
2026-01-03 07:18:49 -0800,2026-01-03 07:32:46 -0800,0.2325,REM Sleep
2026-01-03 07:32:46 -0800,2026-01-03 07:33:46 -0800,0.0167,Awake
2026-01-03 07:33:46 -0800,2026-01-03 08:05:40 -0800,0.5317,Core Sleep
2026-01-03 08:05:40 -0800,2026-01-03 08:14:38 -0800,0.1494,Deep Sleep
2026-01-03 08:14:38 -0800,2026-01-03 08:34:04 -0800,0.3239,Core Sleep
2026-01-03 08:34:04 -0800,2026-01-03 08:38:33 -0800,0.0747,REM Sleep
2026-01-03 08:38:33 -0800,2026-01-03 08:39:33 -0800,0.0167,Awake
2026-01-03 08:39:33 -0800,2026-01-03 08:42:03 -0800,0.0417,Core Sleep
2026-01-03 08:42:03 -0800,2026-01-03 08:55:30 -0800,0.2242,REM Sleep
2026-01-03 08:55:30 -0800,2026-01-03 08:58:29 -0800,0.0497,Awake
2026-01-03 08:58:29 -0800,2026-01-03 09:03:28 -0800,0.0831,Core Sleep
2026-01-03 09:03:28 -0800,2026-01-03 09:25:24 -0800,0.3656,REM Sleep
2026-01-03 09:25:24 -0800,2026-01-03 09:38:51 -0800,0.2242,Core Sleep
2026-01-03 09:38:51 -0800,2026-01-03 09:40:21 -0800,0.0250,Awake
2026-01-03 09:40:21 -0800,2026-01-03 09:45:50 -0800,0.0914,Core Sleep
2026-01-06 01:29:05 -0800,2026-01-06 01:47:31 -0800,0.3072,Core Sleep
2026-01-06 01:47:31 -0800,2026-01-06 02:03:28 -0800,0.2658,Deep Sleep
2026-01-06 02:03:28 -0800,2026-01-06 02:16:26 -0800,0.2161,Core Sleep
2026-01-06 02:16:26 -0800,2026-01-06 02:23:54 -0800,0.1244,Awake
2026-01-06 02:23:54 -0800,2026-01-06 02:50:49 -0800,0.4486,Core Sleep
2026-01-06 02:50:49 -0800,2026-01-06 02:53:18 -0800,0.0414,Deep Sleep
2026-01-06 02:53:18 -0800,2026-01-06 02:57:18 -0800,0.0667,Core Sleep
2026-01-06 02:57:18 -0800,2026-01-06 03:21:13 -0800,0.3986,REM Sleep
2026-01-06 03:21:13 -0800,2026-01-06 03:42:39 -0800,0.3572,Core Sleep
2026-01-06 03:42:39 -0800,2026-01-06 04:12:03 -0800,0.4900,Deep Sleep
2026-01-06 04:12:03 -0800,2026-01-06 04:12:33 -0800,0.0083,Core Sleep
2026-01-06 04:12:33 -0800,2026-01-06 04:13:03 -0800,0.0083,Awake
2026-01-06 04:13:03 -0800,2026-01-06 04:38:28 -0800,0.4236,Core Sleep
2026-01-06 04:38:28 -0800,2026-01-06 04:43:27 -0800,0.0831,Awake
2026-01-06 04:43:27 -0800,2026-01-06 04:45:56 -0800,0.0414,Core Sleep
2026-01-06 04:45:56 -0800,2026-01-06 05:25:19 -0800,0.6564,REM Sleep
2026-01-06 05:25:19 -0800,2026-01-06 06:42:33 -0800,1.2872,Core Sleep
2026-01-06 06:42:33 -0800,2026-01-06 07:25:24 -0800,0.7142,REM Sleep
2026-01-06 07:25:24 -0800,2026-01-06 07:29:53 -0800,0.0747,Core Sleep
2026-01-06 07:29:53 -0800,2026-01-06 07:30:53 -0800,0.0167,Awake
2026-01-06 07:30:53 -0800,2026-01-06 07:38:52 -0800,0.1331,Core Sleep
2026-01-08 01:02:07 -0800,2026-01-08 01:08:05 -0800,0.0994,Core Sleep
2026-01-08 01:08:05 -0800,2026-01-08 01:08:35 -0800,0.0083,Awake
2026-01-08 01:08:35 -0800,2026-01-08 01:27:32 -0800,0.3158,Core Sleep
2026-01-08 01:27:32 -0800,2026-01-08 01:42:58 -0800,0.2572,Deep Sleep
2026-01-08 01:42:58 -0800,2026-01-08 01:43:58 -0800,0.0167,Core Sleep
2026-01-08 01:43:58 -0800,2026-01-08 01:48:57 -0800,0.0831,Deep Sleep
2026-01-08 01:48:57 -0800,2026-01-08 02:04:24 -0800,0.2575,Core Sleep
2026-01-08 02:04:24 -0800,2026-01-08 02:05:24 -0800,0.0167,Awake
2026-01-08 02:05:24 -0800,2026-01-08 02:26:20 -0800,0.3489,Core Sleep
2026-01-08 02:26:20 -0800,2026-01-08 02:37:17 -0800,0.1825,Deep Sleep
2026-01-08 02:37:17 -0800,2026-01-08 02:43:16 -0800,0.0997,Core Sleep
2026-01-08 02:43:16 -0800,2026-01-08 02:44:46 -0800,0.0250,Deep Sleep
2026-01-08 02:44:46 -0800,2026-01-08 02:55:44 -0800,0.1828,Core Sleep
2026-01-08 02:55:44 -0800,2026-01-08 03:09:11 -0800,0.2242,REM Sleep
2026-01-08 03:09:11 -0800,2026-01-08 03:32:36 -0800,0.3903,Core Sleep
2026-01-08 03:32:36 -0800,2026-01-08 03:34:06 -0800,0.0250,Deep Sleep
2026-01-08 03:34:06 -0800,2026-01-08 03:58:31 -0800,0.4069,Core Sleep
2026-01-08 03:58:31 -0800,2026-01-08 04:08:29 -0800,0.1661,Deep Sleep
2026-01-08 04:08:29 -0800,2026-01-08 04:09:59 -0800,0.0250,Core Sleep
2026-01-08 04:09:59 -0800,2026-01-08 04:18:57 -0800,0.1494,REM Sleep
2026-01-08 04:18:57 -0800,2026-01-08 04:22:56 -0800,0.0664,Core Sleep
2026-01-08 04:22:56 -0800,2026-01-08 04:45:22 -0800,0.3739,REM Sleep
2026-01-08 04:45:22 -0800,2026-01-08 05:58:07 -0800,1.2125,Core Sleep
2026-01-08 05:58:07 -0800,2026-01-08 06:49:57 -0800,0.8639,REM Sleep
2026-01-08 06:49:57 -0800,2026-01-08 07:29:19 -0800,0.6561,Core Sleep
2026-01-08 07:29:19 -0800,2026-01-08 07:32:49 -0800,0.0583,Awake
2026-01-08 07:32:49 -0800,2026-01-08 07:38:17 -0800,0.0911,Core Sleep
2026-01-08 07:38:17 -0800,2026-01-08 07:40:47 -0800,0.0417,Awake
2026-01-08 07:40:47 -0800,2026-01-08 07:48:16 -0800,0.1247,Core Sleep
2026-01-08 07:48:16 -0800,2026-01-08 07:49:45 -0800,0.0247,Awake
2026-01-08 07:49:45 -0800,2026-01-08 07:52:45 -0800,0.0500,Core Sleep
2026-01-09 01:09:12 -0800,2026-01-09 01:34:07 -0800,0.4153,Core Sleep
2026-01-09 01:34:07 -0800,2026-01-09 01:41:05 -0800,0.1161,Deep Sleep
2026-01-09 01:41:05 -0800,2026-01-09 01:43:05 -0800,0.0333,Core Sleep
2026-01-09 01:43:05 -0800,2026-01-09 01:49:04 -0800,0.0997,Deep Sleep
2026-01-09 01:49:04 -0800,2026-01-09 01:49:34 -0800,0.0083,Awake
2026-01-09 01:49:34 -0800,2026-01-09 01:55:33 -0800,0.0997,Core Sleep
2026-01-09 01:55:33 -0800,2026-01-09 01:56:02 -0800,0.0081,Deep Sleep
2026-01-09 01:56:02 -0800,2026-01-09 01:58:32 -0800,0.0417,Core Sleep
2026-01-09 01:58:32 -0800,2026-01-09 02:08:30 -0800,0.1661,Deep Sleep
2026-01-09 02:08:30 -0800,2026-01-09 02:09:30 -0800,0.0167,Core Sleep
2026-01-09 02:09:30 -0800,2026-01-09 02:20:57 -0800,0.1908,REM Sleep
2026-01-09 02:20:57 -0800,2026-01-09 02:34:55 -0800,0.2328,Core Sleep
2026-01-09 02:34:55 -0800,2026-01-09 02:53:51 -0800,0.3156,Deep Sleep
2026-01-09 02:53:51 -0800,2026-01-09 02:56:50 -0800,0.0497,Awake
2026-01-09 02:56:50 -0800,2026-01-09 03:04:49 -0800,0.1331,Core Sleep
2026-01-09 03:04:49 -0800,2026-01-09 03:07:18 -0800,0.0414,Awake
2026-01-09 03:07:18 -0800,2026-01-09 03:41:11 -0800,0.5647,Core Sleep
2026-01-09 03:41:11 -0800,2026-01-09 03:44:11 -0800,0.0500,Deep Sleep
2026-01-09 03:44:11 -0800,2026-01-09 03:58:08 -0800,0.2325,Core Sleep
2026-01-09 03:58:08 -0800,2026-01-09 04:22:03 -0800,0.3986,REM Sleep
2026-01-09 04:22:03 -0800,2026-01-09 04:27:32 -0800,0.0914,Awake
2026-01-09 04:27:32 -0800,2026-01-09 04:54:56 -0800,0.4567,Core Sleep
2026-01-09 04:54:56 -0800,2026-01-09 05:00:55 -0800,0.0997,Deep Sleep
2026-01-09 05:00:55 -0800,2026-01-09 05:07:24 -0800,0.1081,Core Sleep
2026-01-09 05:07:24 -0800,2026-01-09 05:19:51 -0800,0.2075,Deep Sleep
2026-01-09 05:19:51 -0800,2026-01-09 05:36:18 -0800,0.2742,Core Sleep
2026-01-09 05:36:18 -0800,2026-01-09 05:57:44 -0800,0.3572,REM Sleep
2026-01-09 05:57:44 -0800,2026-01-09 06:05:42 -0800,0.1328,Core Sleep
2026-01-09 06:05:42 -0800,2026-01-09 06:08:42 -0800,0.0500,REM Sleep
2026-01-09 06:08:42 -0800,2026-01-09 06:11:41 -0800,0.0497,Core Sleep
2026-01-09 06:11:41 -0800,2026-01-09 06:14:10 -0800,0.0414,REM Sleep
2026-01-09 06:14:10 -0800,2026-01-09 06:33:37 -0800,0.3242,Core Sleep
2026-01-09 06:33:37 -0800,2026-01-09 07:00:01 -0800,0.4400,REM Sleep
2026-01-09 07:00:01 -0800,2026-01-09 07:29:26 -0800,0.4903,Core Sleep
2026-01-11 02:01:04 -0800,2026-01-11 02:17:31 -0800,0.2742,Core Sleep
2026-01-11 02:17:31 -0800,2026-01-11 02:25:59 -0800,0.1411,Deep Sleep
2026-01-11 02:25:59 -0800,2026-01-11 02:28:58 -0800,0.0497,Core Sleep
2026-01-11 02:28:58 -0800,2026-01-11 02:56:23 -0800,0.4569,Deep Sleep
2026-01-11 02:56:23 -0800,2026-01-11 03:21:48 -0800,0.4236,Core Sleep
2026-01-11 03:21:48 -0800,2026-01-11 03:35:45 -0800,0.2325,Deep Sleep
2026-01-11 03:35:45 -0800,2026-01-11 03:55:41 -0800,0.3322,Core Sleep
2026-01-11 03:55:41 -0800,2026-01-11 04:21:06 -0800,0.4236,REM Sleep
2026-01-11 04:21:06 -0800,2026-01-11 05:11:26 -0800,0.8389,Core Sleep
2026-01-11 05:11:26 -0800,2026-01-11 05:20:54 -0800,0.1578,Deep Sleep
2026-01-11 05:20:54 -0800,2026-01-11 05:41:20 -0800,0.3406,Core Sleep
2026-01-11 05:41:20 -0800,2026-01-11 05:52:48 -0800,0.1911,REM Sleep
2026-01-11 05:52:48 -0800,2026-01-11 06:57:05 -0800,1.0714,Core Sleep
2026-01-11 06:57:05 -0800,2026-01-11 07:30:29 -0800,0.5567,REM Sleep
2026-01-11 07:30:29 -0800,2026-01-11 07:30:59 -0800,0.0083,Awake
2026-01-11 07:30:59 -0800,2026-01-11 07:47:56 -0800,0.2825,Core Sleep
2026-01-11 07:47:56 -0800,2026-01-11 07:48:55 -0800,0.0164,Awake
2026-01-11 07:48:55 -0800,2026-01-11 07:54:24 -0800,0.0914,Core Sleep
2026-01-12 00:37:15 -0800,2026-01-12 01:01:40 -0800,0.4069,Core Sleep
2026-01-12 01:01:40 -0800,2026-01-12 01:06:09 -0800,0.0747,Deep Sleep
2026-01-12 01:06:09 -0800,2026-01-12 01:07:09 -0800,0.0167,Awake
2026-01-12 01:07:09 -0800,2026-01-12 01:21:36 -0800,0.2408,Core Sleep
2026-01-12 01:21:36 -0800,2026-01-12 01:23:36 -0800,0.0333,Deep Sleep
2026-01-12 01:23:36 -0800,2026-01-12 01:24:36 -0800,0.0167,Core Sleep
2026-01-12 01:24:36 -0800,2026-01-12 01:28:35 -0800,0.0664,Deep Sleep
2026-01-12 01:28:35 -0800,2026-01-12 01:30:34 -0800,0.0331,Awake
2026-01-12 01:30:34 -0800,2026-01-12 02:15:55 -0800,0.7558,Core Sleep
2026-01-12 02:15:55 -0800,2026-01-12 02:24:24 -0800,0.1414,Deep Sleep
2026-01-12 02:24:24 -0800,2026-01-12 02:55:18 -0800,0.5150,Core Sleep
2026-01-12 02:55:18 -0800,2026-01-12 03:00:46 -0800,0.0911,Deep Sleep
2026-01-12 03:00:46 -0800,2026-01-12 03:04:46 -0800,0.0667,Core Sleep
2026-01-12 03:04:46 -0800,2026-01-12 03:13:44 -0800,0.1494,REM Sleep
2026-01-12 03:13:44 -0800,2026-01-12 03:16:43 -0800,0.0497,Awake
2026-01-12 03:16:43 -0800,2026-01-12 03:19:43 -0800,0.0500,Core Sleep
2026-01-12 03:19:43 -0800,2026-01-12 03:23:42 -0800,0.0664,REM Sleep
2026-01-12 03:23:42 -0800,2026-01-12 03:55:06 -0800,0.5233,Core Sleep
2026-01-12 03:55:06 -0800,2026-01-12 04:00:34 -0800,0.0911,Deep Sleep
2026-01-12 04:00:34 -0800,2026-01-12 04:09:33 -0800,0.1497,Core Sleep
2026-01-12 04:09:33 -0800,2026-01-12 04:12:02 -0800,0.0414,Awake
2026-01-12 04:12:02 -0800,2026-01-12 04:18:31 -0800,0.1081,Core Sleep
2026-01-12 04:18:31 -0800,2026-01-12 04:20:31 -0800,0.0333,Awake
2026-01-12 04:20:31 -0800,2026-01-12 05:02:52 -0800,0.7058,Core Sleep
2026-01-12 05:02:52 -0800,2026-01-12 05:03:22 -0800,0.0083,Awake
2026-01-12 05:03:22 -0800,2026-01-12 05:05:22 -0800,0.0333,Core Sleep
2026-01-12 05:05:22 -0800,2026-01-12 05:28:17 -0800,0.3819,REM Sleep
2026-01-12 05:28:17 -0800,2026-01-12 05:36:16 -0800,0.1331,Awake
2026-01-12 05:36:16 -0800,2026-01-12 06:28:35 -0800,0.8719,Core Sleep
2026-01-12 06:28:35 -0800,2026-01-12 07:16:25 -0800,0.7972,REM Sleep
2026-01-12 07:16:25 -0800,2026-01-12 07:17:55 -0800,0.0250,Awake
2026-01-12 07:17:55 -0800,2026-01-12 07:59:47 -0800,0.6978,Core Sleep
2026-01-12 07:59:47 -0800,2026-01-12 08:01:17 -0800,0.0250,Awake
2026-01-12 08:01:17 -0800,2026-01-12 08:08:45 -0800,0.1244,Core Sleep
2026-01-12 08:08:45 -0800,2026-01-12 08:11:15 -0800,0.0417,Awake
2026-01-12 08:11:15 -0800,2026-01-12 08:17:13 -0800,0.0994,Core Sleep
2026-01-12 08:17:13 -0800,2026-01-12 08:21:43 -0800,0.0750,Awake
2026-01-12 08:21:43 -0800,2026-01-12 08:26:12 -0800,0.0747,Core Sleep
2026-01-13 00:28:49 -0800,2026-01-13 01:02:12 -0800,0.5564,Core Sleep
2026-01-13 01:02:12 -0800,2026-01-13 01:05:42 -0800,0.0583,Deep Sleep
2026-01-13 01:05:42 -0800,2026-01-13 01:17:39 -0800,0.1992,Core Sleep
2026-01-13 01:17:39 -0800,2026-01-13 01:27:37 -0800,0.1661,REM Sleep
2026-01-13 01:27:37 -0800,2026-01-13 01:52:32 -0800,0.4153,Core Sleep
2026-01-13 01:52:32 -0800,2026-01-13 02:34:24 -0800,0.6978,Deep Sleep
2026-01-13 02:34:24 -0800,2026-01-13 02:43:22 -0800,0.1494,Core Sleep
2026-01-13 02:43:22 -0800,2026-01-13 03:05:47 -0800,0.3736,REM Sleep
2026-01-13 03:05:47 -0800,2026-01-13 03:50:09 -0800,0.7394,Core Sleep
2026-01-13 03:50:09 -0800,2026-01-13 03:52:08 -0800,0.0331,Deep Sleep
2026-01-13 03:52:08 -0800,2026-01-13 03:53:38 -0800,0.0250,Core Sleep
2026-01-13 03:53:38 -0800,2026-01-13 03:55:08 -0800,0.0250,Awake
2026-01-13 03:55:08 -0800,2026-01-13 04:08:35 -0800,0.2242,Core Sleep
2026-01-13 04:08:35 -0800,2026-01-13 04:37:59 -0800,0.4900,REM Sleep
2026-01-13 04:37:59 -0800,2026-01-13 05:06:53 -0800,0.4817,Core Sleep
2026-01-13 05:06:53 -0800,2026-01-13 05:07:53 -0800,0.0167,Awake
2026-01-13 05:07:53 -0800,2026-01-13 05:56:14 -0800,0.8058,Core Sleep
2026-01-13 05:56:14 -0800,2026-01-13 05:56:43 -0800,0.0081,Deep Sleep
2026-01-13 05:56:43 -0800,2026-01-13 05:57:13 -0800,0.0083,Core Sleep
2026-01-13 05:57:13 -0800,2026-01-13 05:58:43 -0800,0.0250,Awake
2026-01-13 05:58:43 -0800,2026-01-13 06:11:11 -0800,0.2078,Core Sleep
2026-01-13 06:11:11 -0800,2026-01-13 06:56:32 -0800,0.7558,REM Sleep
2026-01-13 06:56:32 -0800,2026-01-13 06:57:32 -0800,0.0167,Awake
2026-01-13 06:57:32 -0800,2026-01-13 07:08:29 -0800,0.1825,Core Sleep
2026-01-13 07:08:29 -0800,2026-01-13 07:11:29 -0800,0.0500,Awake
2026-01-13 07:11:29 -0800,2026-01-13 07:13:28 -0800,0.0331,Core Sleep
2026-01-14 00:41:35 -0800,2026-01-14 01:01:31 -0800,0.3322,Core Sleep
2026-01-14 01:01:31 -0800,2026-01-14 01:34:24 -0800,0.5481,Deep Sleep
2026-01-14 01:34:24 -0800,2026-01-14 01:40:53 -0800,0.1081,Awake
2026-01-14 01:40:53 -0800,2026-01-14 01:55:50 -0800,0.2492,Core Sleep
2026-01-14 01:55:50 -0800,2026-01-14 02:02:19 -0800,0.1081,Deep Sleep
2026-01-14 02:02:19 -0800,2026-01-14 02:33:43 -0800,0.5233,Core Sleep
2026-01-14 02:33:43 -0800,2026-01-14 03:06:36 -0800,0.5481,Deep Sleep
2026-01-14 03:06:36 -0800,2026-01-14 03:13:05 -0800,0.1081,Core Sleep
2026-01-14 03:13:05 -0800,2026-01-14 03:38:30 -0800,0.4236,REM Sleep
2026-01-14 03:38:30 -0800,2026-01-14 03:40:00 -0800,0.0250,Awake
2026-01-14 03:40:00 -0800,2026-01-14 04:23:51 -0800,0.7308,Core Sleep
2026-01-14 04:23:51 -0800,2026-01-14 04:30:49 -0800,0.1161,Deep Sleep
2026-01-14 04:30:49 -0800,2026-01-14 04:50:16 -0800,0.3242,Core Sleep
2026-01-14 04:50:16 -0800,2026-01-14 05:33:07 -0800,0.7142,REM Sleep
2026-01-14 05:33:07 -0800,2026-01-14 06:36:24 -0800,1.0547,Core Sleep
2026-01-14 06:36:24 -0800,2026-01-14 06:37:54 -0800,0.0250,Awake
2026-01-14 06:37:54 -0800,2026-01-14 06:59:19 -0800,0.3569,Core Sleep
2026-01-14 06:59:19 -0800,2026-01-14 07:02:49 -0800,0.0583,Awake
2026-01-14 07:02:49 -0800,2026-01-14 07:06:48 -0800,0.0664,Core Sleep
2026-01-14 07:06:48 -0800,2026-01-14 07:18:16 -0800,0.1911,REM Sleep
2026-01-15 00:10:06 -0800,2026-01-15 00:25:32 -0800,0.2572,Core Sleep
2026-01-15 00:25:32 -0800,2026-01-15 00:34:31 -0800,0.1497,Deep Sleep
2026-01-15 00:34:31 -0800,2026-01-15 00:46:28 -0800,0.1992,Core Sleep
2026-01-15 00:46:28 -0800,2026-01-15 00:55:26 -0800,0.1494,Deep Sleep
2026-01-15 00:55:26 -0800,2026-01-15 01:34:19 -0800,0.6481,Core Sleep
2026-01-15 01:34:19 -0800,2026-01-15 01:58:14 -0800,0.3986,Deep Sleep
2026-01-15 01:58:14 -0800,2026-01-15 02:20:10 -0800,0.3656,Core Sleep
2026-01-15 02:20:10 -0800,2026-01-15 02:20:40 -0800,0.0083,Awake
2026-01-15 02:20:40 -0800,2026-01-15 02:28:08 -0800,0.1244,Core Sleep
2026-01-15 02:28:08 -0800,2026-01-15 03:07:30 -0800,0.6561,REM Sleep
2026-01-15 03:07:30 -0800,2026-01-15 03:40:54 -0800,0.5567,Core Sleep
2026-01-15 03:40:54 -0800,2026-01-15 03:47:22 -0800,0.1078,Deep Sleep
2026-01-15 03:47:22 -0800,2026-01-15 04:18:46 -0800,0.5233,Core Sleep
2026-01-15 04:18:46 -0800,2026-01-15 04:19:46 -0800,0.0167,Awake
2026-01-15 04:19:46 -0800,2026-01-15 04:24:45 -0800,0.0831,Core Sleep
2026-01-15 04:24:45 -0800,2026-01-15 04:42:11 -0800,0.2906,REM Sleep
2026-01-15 04:42:11 -0800,2026-01-15 05:34:01 -0800,0.8639,Core Sleep
2026-01-15 05:34:01 -0800,2026-01-15 06:29:20 -0800,0.9219,REM Sleep
2026-01-15 06:29:20 -0800,2026-01-15 06:30:20 -0800,0.0167,Awake
2026-01-15 06:30:20 -0800,2026-01-15 07:22:09 -0800,0.8636,Core Sleep
2026-01-15 07:22:09 -0800,2026-01-15 07:23:09 -0800,0.0167,Awake
2026-01-15 07:23:09 -0800,2026-01-15 07:28:38 -0800,0.0914,Core Sleep
2026-01-15 07:28:38 -0800,2026-01-15 07:45:05 -0800,0.2742,REM Sleep
2026-01-15 07:45:05 -0800,2026-01-15 07:46:05 -0800,0.0167,Awake
2026-01-15 07:46:05 -0800,2026-01-15 07:52:33 -0800,0.1078,Core Sleep
2026-01-16 00:29:04 -0800,2026-01-16 00:53:29 -0800,0.4069,Core Sleep
2026-01-16 00:53:29 -0800,2026-01-16 00:54:29 -0800,0.0167,Awake
2026-01-16 00:54:29 -0800,2026-01-16 01:05:27 -0800,0.1828,Core Sleep
2026-01-16 01:05:27 -0800,2026-01-16 01:30:22 -0800,0.4153,Deep Sleep
2026-01-16 01:30:22 -0800,2026-01-16 01:32:22 -0800,0.0333,Awake
2026-01-16 01:32:22 -0800,2026-01-16 02:10:44 -0800,0.6394,Core Sleep
2026-01-16 02:10:44 -0800,2026-01-16 02:20:12 -0800,0.1578,Deep Sleep
2026-01-16 02:20:12 -0800,2026-01-16 02:43:08 -0800,0.3822,Core Sleep
2026-01-16 02:43:08 -0800,2026-01-16 03:29:59 -0800,0.7808,REM Sleep
2026-01-16 03:29:59 -0800,2026-01-16 04:01:23 -0800,0.5233,Core Sleep
2026-01-16 04:01:23 -0800,2026-01-16 04:22:18 -0800,0.3486,Deep Sleep
2026-01-16 04:22:18 -0800,2026-01-16 04:46:14 -0800,0.3989,Core Sleep
2026-01-16 04:46:14 -0800,2026-01-16 05:04:40 -0800,0.3072,REM Sleep
2026-01-16 05:04:40 -0800,2026-01-16 06:00:59 -0800,0.9386,Core Sleep
2026-01-16 06:00:59 -0800,2026-01-16 07:14:15 -0800,1.2211,REM Sleep
2026-01-16 07:14:15 -0800,2026-01-16 07:16:44 -0800,0.0414,Awake
2026-01-16 07:16:44 -0800,2026-01-16 07:23:43 -0800,0.1164,Core Sleep
2026-01-16 07:23:43 -0800,2026-01-16 07:35:40 -0800,0.1992,Awake
2026-01-16 07:35:40 -0800,2026-01-16 07:38:10 -0800,0.0417,Core Sleep
2026-01-17 01:23:45 -0800,2026-01-17 01:36:43 -0800,0.2161,Core Sleep
2026-01-17 01:36:43 -0800,2026-01-17 01:42:42 -0800,0.0997,Deep Sleep
2026-01-17 01:42:42 -0800,2026-01-17 01:48:40 -0800,0.0994,Core Sleep
2026-01-17 01:48:40 -0800,2026-01-17 02:16:05 -0800,0.4569,Deep Sleep
2026-01-17 02:16:05 -0800,2026-01-17 02:17:05 -0800,0.0167,Core Sleep
2026-01-17 02:17:05 -0800,2026-01-17 02:24:33 -0800,0.1244,Deep Sleep
2026-01-17 02:24:33 -0800,2026-01-17 03:00:26 -0800,0.5981,Core Sleep
2026-01-17 03:00:26 -0800,2026-01-17 03:40:48 -0800,0.6728,Deep Sleep
2026-01-17 03:40:48 -0800,2026-01-17 03:52:16 -0800,0.1911,Core Sleep
2026-01-17 03:52:16 -0800,2026-01-17 04:13:41 -0800,0.3569,REM Sleep
2026-01-17 04:13:41 -0800,2026-01-17 05:27:56 -0800,1.2375,Core Sleep
2026-01-17 05:27:56 -0800,2026-01-17 06:05:49 -0800,0.6314,REM Sleep
2026-01-17 06:05:49 -0800,2026-01-17 06:46:40 -0800,0.6808,Core Sleep
2026-01-17 06:46:40 -0800,2026-01-17 06:48:40 -0800,0.0333,Awake
2026-01-17 06:48:40 -0800,2026-01-17 07:19:04 -0800,0.5067,Core Sleep
2026-01-17 07:19:04 -0800,2026-01-17 07:33:31 -0800,0.2408,REM Sleep
2026-01-17 07:33:31 -0800,2026-01-17 07:35:01 -0800,0.0250,Awake
2026-01-17 07:35:01 -0800,2026-01-17 07:36:00 -0800,0.0164,Core Sleep
2026-01-17 07:36:00 -0800,2026-01-17 07:46:28 -0800,0.1744,REM Sleep
2026-01-17 07:46:28 -0800,2026-01-17 08:00:26 -0800,0.2328,Awake
2026-01-17 08:00:26 -0800,2026-01-17 08:32:49 -0800,0.5397,Core Sleep
2026-01-17 08:32:49 -0800,2026-01-17 09:12:11 -0800,0.6561,REM Sleep
2026-01-17 09:12:11 -0800,2026-01-17 10:09:00 -0800,0.9469,Core Sleep
2026-01-17 10:09:00 -0800,2026-01-17 10:26:26 -0800,0.2906,REM Sleep
2026-01-17 10:26:26 -0800,2026-01-17 10:28:56 -0800,0.0417,Core Sleep
2026-01-17 10:28:56 -0800,2026-01-17 10:31:25 -0800,0.0414,REM Sleep
2026-01-18 01:33:18 -0800,2026-01-18 01:47:45 -0800,0.2408,Core Sleep
2026-01-18 01:47:45 -0800,2026-01-18 01:49:45 -0800,0.0333,Deep Sleep
2026-01-18 01:49:45 -0800,2026-01-18 02:09:11 -0800,0.3239,Core Sleep
2026-01-18 02:09:11 -0800,2026-01-18 02:21:39 -0800,0.2078,Deep Sleep
2026-01-18 02:21:39 -0800,2026-01-18 02:24:38 -0800,0.0497,Core Sleep
2026-01-18 02:24:38 -0800,2026-01-18 02:37:36 -0800,0.2161,REM Sleep
2026-01-18 02:37:36 -0800,2026-01-18 03:00:01 -0800,0.3736,Core Sleep
2026-01-18 03:00:01 -0800,2026-01-18 03:02:01 -0800,0.0333,Deep Sleep
2026-01-18 03:02:01 -0800,2026-01-18 03:02:31 -0800,0.0083,Core Sleep
2026-01-18 03:02:31 -0800,2026-01-18 03:05:00 -0800,0.0414,Awake
2026-01-18 03:05:00 -0800,2026-01-18 03:20:27 -0800,0.2575,Core Sleep
2026-01-18 03:20:27 -0800,2026-01-18 03:20:57 -0800,0.0083,Deep Sleep
2026-01-18 03:20:57 -0800,2026-01-18 03:24:26 -0800,0.0581,Core Sleep
2026-01-18 03:24:26 -0800,2026-01-18 03:35:24 -0800,0.1828,Deep Sleep
2026-01-18 03:35:24 -0800,2026-01-18 03:35:54 -0800,0.0083,Awake
2026-01-18 03:35:54 -0800,2026-01-18 03:43:23 -0800,0.1247,Core Sleep
2026-01-18 03:43:23 -0800,2026-01-18 03:44:22 -0800,0.0164,Awake
2026-01-18 03:44:22 -0800,2026-01-18 03:49:51 -0800,0.0914,Core Sleep
2026-01-18 03:49:51 -0800,2026-01-18 04:05:48 -0800,0.2658,REM Sleep
2026-01-18 04:05:48 -0800,2026-01-18 04:52:39 -0800,0.7808,Core Sleep
2026-01-18 04:52:39 -0800,2026-01-18 05:08:06 -0800,0.2575,Deep Sleep
2026-01-18 05:08:06 -0800,2026-01-18 05:25:32 -0800,0.2906,Core Sleep
2026-01-18 05:25:32 -0800,2026-01-18 05:56:56 -0800,0.5233,REM Sleep
2026-01-18 05:56:56 -0800,2026-01-18 07:24:38 -0800,1.4617,Core Sleep
2026-01-18 07:24:38 -0800,2026-01-18 07:44:34 -0800,0.3322,REM Sleep
2026-01-18 07:44:34 -0800,2026-01-18 07:47:04 -0800,0.0417,Awake
2026-01-18 07:47:04 -0800,2026-01-18 08:26:26 -0800,0.6561,Core Sleep
2026-01-18 08:26:26 -0800,2026-01-18 08:30:55 -0800,0.0747,Awake
2026-01-18 08:30:55 -0800,2026-01-18 08:59:20 -0800,0.4736,Core Sleep
2026-01-18 08:59:20 -0800,2026-01-18 09:07:48 -0800,0.1411,REM Sleep
2026-01-19 02:04:59 -0800,2026-01-19 02:19:26 -0800,0.2408,Core Sleep
2026-01-19 02:19:26 -0800,2026-01-19 02:31:53 -0800,0.2075,Deep Sleep
2026-01-19 02:31:53 -0800,2026-01-19 02:39:22 -0800,0.1247,Core Sleep
2026-01-19 02:39:22 -0800,2026-01-19 02:40:52 -0800,0.0250,Deep Sleep
2026-01-19 02:40:52 -0800,2026-01-19 02:44:51 -0800,0.0664,Core Sleep
2026-01-19 02:44:51 -0800,2026-01-19 02:46:21 -0800,0.0250,Deep Sleep
2026-01-19 02:46:21 -0800,2026-01-19 03:39:10 -0800,0.8803,Core Sleep
2026-01-19 03:39:10 -0800,2026-01-19 03:41:40 -0800,0.0417,Deep Sleep
2026-01-19 03:41:40 -0800,2026-01-19 03:47:08 -0800,0.0911,Core Sleep
2026-01-19 03:47:08 -0800,2026-01-19 04:17:02 -0800,0.4983,Deep Sleep
2026-01-19 04:17:02 -0800,2026-01-19 04:25:01 -0800,0.1331,Core Sleep
2026-01-19 04:25:01 -0800,2026-01-19 04:26:30 -0800,0.0247,Awake
2026-01-19 04:26:30 -0800,2026-01-19 04:32:29 -0800,0.0997,Core Sleep
2026-01-19 04:32:29 -0800,2026-01-19 04:53:55 -0800,0.3572,REM Sleep
2026-01-19 04:53:55 -0800,2026-01-19 04:54:25 -0800,0.0083,Awake
2026-01-19 04:54:25 -0800,2026-01-19 04:55:25 -0800,0.0167,REM Sleep
2026-01-19 04:55:25 -0800,2026-01-19 05:32:47 -0800,0.6228,Core Sleep
2026-01-19 05:32:47 -0800,2026-01-19 05:35:46 -0800,0.0497,Awake
2026-01-19 05:35:46 -0800,2026-01-19 06:10:10 -0800,0.5733,Core Sleep
2026-01-19 06:10:10 -0800,2026-01-19 06:11:39 -0800,0.0247,Awake
2026-01-19 06:11:39 -0800,2026-01-19 06:23:37 -0800,0.1994,Core Sleep
2026-01-19 06:23:37 -0800,2026-01-19 07:10:28 -0800,0.7808,REM Sleep
2026-01-19 07:10:28 -0800,2026-01-19 07:14:27 -0800,0.0664,Core Sleep
2026-01-19 07:14:27 -0800,2026-01-19 07:31:23 -0800,0.2822,Awake
2026-01-19 07:31:23 -0800,2026-01-19 08:17:44 -0800,0.7725,Core Sleep
2026-01-19 08:17:44 -0800,2026-01-19 09:00:35 -0800,0.7142,REM Sleep
2026-01-19 09:00:35 -0800,2026-01-19 09:59:23 -0800,0.9800,Core Sleep
2026-01-19 09:59:23 -0800,2026-01-19 10:07:52 -0800,0.1414,REM Sleep
2026-01-19 10:07:52 -0800,2026-01-19 10:08:22 -0800,0.0083,Awake
2026-01-19 10:08:22 -0800,2026-01-19 10:13:21 -0800,0.0831,Core Sleep
2026-01-19 23:54:36 -0800,2026-01-20 00:22:01 -0800,0.4569,Core Sleep
2026-01-20 00:22:01 -0800,2026-01-20 00:25:00 -0800,0.0497,Deep Sleep
2026-01-20 00:25:00 -0800,2026-01-20 00:34:58 -0800,0.1661,Core Sleep
2026-01-20 00:34:58 -0800,2026-01-20 00:46:26 -0800,0.1911,Deep Sleep
2026-01-20 00:46:26 -0800,2026-01-20 00:47:25 -0800,0.0164,Awake
2026-01-20 00:47:25 -0800,2026-01-20 01:27:47 -0800,0.6728,Core Sleep
2026-01-20 01:27:47 -0800,2026-01-20 01:52:42 -0800,0.4153,Deep Sleep
2026-01-20 01:52:42 -0800,2026-01-20 01:55:42 -0800,0.0500,Awake
2026-01-20 01:55:42 -0800,2026-01-20 02:34:04 -0800,0.6394,Core Sleep
2026-01-20 02:34:04 -0800,2026-01-20 03:09:57 -0800,0.5981,REM Sleep
2026-01-20 03:09:57 -0800,2026-01-20 04:21:42 -0800,1.1958,Core Sleep
2026-01-20 04:21:42 -0800,2026-01-20 04:41:38 -0800,0.3322,REM Sleep
2026-01-20 04:41:38 -0800,2026-01-20 05:32:58 -0800,0.8556,Core Sleep
2026-01-20 05:32:58 -0800,2026-01-20 05:35:57 -0800,0.0497,Awake
2026-01-20 05:35:57 -0800,2026-01-20 05:43:26 -0800,0.1247,Core Sleep
2026-01-20 05:43:26 -0800,2026-01-20 06:31:46 -0800,0.8056,REM Sleep
2026-01-20 06:31:46 -0800,2026-01-20 06:40:44 -0800,0.1494,Awake
2026-01-20 06:40:44 -0800,2026-01-20 07:29:34 -0800,0.8139,Core Sleep
2026-01-20 07:29:34 -0800,2026-01-20 07:35:33 -0800,0.0997,Awake
2026-01-20 07:35:33 -0800,2026-01-20 07:39:32 -0800,0.0664,Core Sleep
2026-01-20 07:39:32 -0800,2026-01-20 07:48:31 -0800,0.1497,Awake
2026-01-20 07:48:31 -0800,2026-01-20 08:08:57 -0800,0.3406,Core Sleep
2026-01-20 08:08:57 -0800,2026-01-20 08:25:23 -0800,0.2739,REM Sleep
2026-01-21 00:12:34 -0800,2026-01-21 00:28:31 -0800,0.2658,Core Sleep
2026-01-21 00:28:31 -0800,2026-01-21 00:41:58 -0800,0.2242,Deep Sleep
2026-01-21 00:41:58 -0800,2026-01-21 00:49:26 -0800,0.1244,Core Sleep
2026-01-21 00:49:26 -0800,2026-01-21 00:50:56 -0800,0.0250,Deep Sleep
2026-01-21 00:50:56 -0800,2026-01-21 00:51:26 -0800,0.0083,Core Sleep
2026-01-21 00:51:26 -0800,2026-01-21 01:05:53 -0800,0.2408,Deep Sleep
2026-01-21 01:05:53 -0800,2026-01-21 01:07:23 -0800,0.0250,Awake
2026-01-21 01:07:23 -0800,2026-01-21 01:18:21 -0800,0.1828,Core Sleep
2026-01-21 01:18:21 -0800,2026-01-21 01:26:19 -0800,0.1328,REM Sleep
2026-01-21 01:26:19 -0800,2026-01-21 01:51:44 -0800,0.4236,Core Sleep
2026-01-21 01:51:44 -0800,2026-01-21 02:03:12 -0800,0.1911,Deep Sleep
2026-01-21 02:03:12 -0800,2026-01-21 02:04:42 -0800,0.0250,Awake
2026-01-21 02:04:42 -0800,2026-01-21 02:17:39 -0800,0.2158,Core Sleep
2026-01-21 02:17:39 -0800,2026-01-21 02:50:02 -0800,0.5397,Deep Sleep
2026-01-21 02:50:02 -0800,2026-01-21 02:51:02 -0800,0.0167,Core Sleep
2026-01-21 02:51:02 -0800,2026-01-21 03:11:58 -0800,0.3489,REM Sleep
2026-01-21 03:11:58 -0800,2026-01-21 03:12:58 -0800,0.0167,Awake
2026-01-21 03:12:58 -0800,2026-01-21 04:21:44 -0800,1.1461,Core Sleep
2026-01-21 04:21:44 -0800,2026-01-21 04:22:44 -0800,0.0167,Awake
2026-01-21 04:22:44 -0800,2026-01-21 04:30:42 -0800,0.1328,Core Sleep
2026-01-21 04:30:42 -0800,2026-01-21 04:40:40 -0800,0.1661,REM Sleep
2026-01-21 04:40:40 -0800,2026-01-21 04:47:39 -0800,0.1164,Awake
2026-01-21 04:47:39 -0800,2026-01-21 05:30:30 -0800,0.7142,Core Sleep
2026-01-21 05:30:30 -0800,2026-01-21 05:57:25 -0800,0.4486,REM Sleep
2026-01-21 05:57:25 -0800,2026-01-21 06:31:18 -0800,0.5647,Core Sleep
2026-01-22 01:03:40 -0800,2026-01-22 01:20:36 -0800,0.2822,Core Sleep
2026-01-22 01:20:36 -0800,2026-01-22 01:22:06 -0800,0.0250,Awake
2026-01-22 01:22:06 -0800,2026-01-22 01:35:03 -0800,0.2158,Core Sleep
2026-01-22 01:35:03 -0800,2026-01-22 02:00:58 -0800,0.4319,Deep Sleep
2026-01-22 02:00:58 -0800,2026-01-22 02:02:58 -0800,0.0333,Awake
2026-01-22 02:02:58 -0800,2026-01-22 02:30:22 -0800,0.4567,Core Sleep
2026-01-22 02:30:22 -0800,2026-01-22 02:32:22 -0800,0.0333,Deep Sleep
2026-01-22 02:32:22 -0800,2026-01-22 02:34:21 -0800,0.0331,Core Sleep
2026-01-22 02:34:21 -0800,2026-01-22 02:35:21 -0800,0.0167,Awake
2026-01-22 02:35:21 -0800,2026-01-22 03:03:16 -0800,0.4653,Core Sleep
2026-01-22 03:03:16 -0800,2026-01-22 03:12:44 -0800,0.1578,Awake
2026-01-22 03:12:44 -0800,2026-01-22 03:25:41 -0800,0.2158,Core Sleep
2026-01-22 03:25:41 -0800,2026-01-22 03:41:08 -0800,0.2575,REM Sleep
2026-01-22 03:41:08 -0800,2026-01-22 04:37:57 -0800,0.9469,Core Sleep
2026-01-22 04:37:57 -0800,2026-01-22 04:41:56 -0800,0.0664,Deep Sleep
2026-01-22 04:41:56 -0800,2026-01-22 04:57:53 -0800,0.2658,Core Sleep
2026-01-22 04:57:53 -0800,2026-01-22 04:58:52 -0800,0.0164,Awake
2026-01-22 04:58:52 -0800,2026-01-22 05:08:21 -0800,0.1581,Core Sleep
2026-01-22 05:08:21 -0800,2026-01-22 05:40:14 -0800,0.5314,REM Sleep
2026-01-22 05:40:14 -0800,2026-01-22 06:17:37 -0800,0.6231,Core Sleep
2026-01-22 06:17:37 -0800,2026-01-22 06:21:06 -0800,0.0581,Deep Sleep
2026-01-22 06:21:06 -0800,2026-01-22 06:21:36 -0800,0.0083,Core Sleep
2026-01-22 06:21:36 -0800,2026-01-22 06:25:05 -0800,0.0581,Awake
2026-01-22 06:25:05 -0800,2026-01-22 06:51:00 -0800,0.4319,Core Sleep
2026-01-22 06:51:00 -0800,2026-01-22 07:29:22 -0800,0.6394,REM Sleep
2026-01-22 07:29:22 -0800,2026-01-22 07:31:52 -0800,0.0417,Awake
2026-01-22 07:31:52 -0800,2026-01-22 07:38:20 -0800,0.1078,Core Sleep
2026-01-22 07:38:20 -0800,2026-01-22 07:41:20 -0800,0.0500,Awake
2026-01-22 07:41:20 -0800,2026-01-22 07:43:19 -0800,0.0331,Core Sleep
2026-01-23 01:30:12 -0800,2026-01-23 01:39:10 -0800,0.1494,Core Sleep
2026-01-23 01:39:10 -0800,2026-01-23 01:51:08 -0800,0.1994,Deep Sleep
2026-01-23 01:51:08 -0800,2026-01-23 01:53:07 -0800,0.0331,Core Sleep
2026-01-23 01:53:07 -0800,2026-01-23 01:58:36 -0800,0.0914,Deep Sleep
2026-01-23 01:58:36 -0800,2026-01-23 02:00:06 -0800,0.0250,Core Sleep
2026-01-23 02:00:06 -0800,2026-01-23 02:16:03 -0800,0.2658,Deep Sleep
2026-01-23 02:16:03 -0800,2026-01-23 02:22:32 -0800,0.1081,Core Sleep
2026-01-23 02:22:32 -0800,2026-01-23 02:28:00 -0800,0.0911,REM Sleep
2026-01-23 02:28:00 -0800,2026-01-23 03:05:53 -0800,0.6314,Core Sleep
2026-01-23 03:05:53 -0800,2026-01-23 03:41:46 -0800,0.5981,Deep Sleep
2026-01-23 03:41:46 -0800,2026-01-23 03:47:44 -0800,0.0994,Core Sleep
2026-01-23 03:47:44 -0800,2026-01-23 03:54:13 -0800,0.1081,REM Sleep
2026-01-23 03:54:13 -0800,2026-01-23 03:54:43 -0800,0.0083,Awake
2026-01-23 03:54:43 -0800,2026-01-23 04:40:04 -0800,0.7558,Core Sleep
2026-01-23 04:40:04 -0800,2026-01-23 04:58:30 -0800,0.3072,Deep Sleep
2026-01-23 04:58:30 -0800,2026-01-23 04:59:00 -0800,0.0083,Core Sleep
2026-01-23 04:59:00 -0800,2026-01-23 05:35:23 -0800,0.6064,REM Sleep
2026-01-23 05:35:23 -0800,2026-01-23 06:42:39 -0800,1.1211,Core Sleep
2026-01-23 06:42:39 -0800,2026-01-23 07:20:02 -0800,0.6231,REM Sleep
2026-01-23 07:20:02 -0800,2026-01-23 07:44:57 -0800,0.4153,Core Sleep
2026-01-23 07:44:57 -0800,2026-01-23 07:49:56 -0800,0.0831,REM Sleep
2026-01-23 07:49:56 -0800,2026-01-23 08:09:22 -0800,0.3239,Core Sleep
2026-01-23 08:09:22 -0800,2026-01-23 08:13:51 -0800,0.0747,Awake
2026-01-23 08:13:51 -0800,2026-01-23 08:19:20 -0800,0.0914,Core Sleep
2026-01-23 08:19:20 -0800,2026-01-23 08:25:48 -0800,0.1078,Awake
2026-01-23 08:25:48 -0800,2026-01-23 08:27:48 -0800,0.0333,Core Sleep
2026-01-25 02:22:19 -0800,2026-01-25 02:24:19 -0800,0.0333,REM Sleep
2026-01-25 02:24:19 -0800,2026-01-25 02:37:16 -0800,0.2158,Core Sleep
2026-01-25 02:37:16 -0800,2026-01-25 02:42:45 -0800,0.0914,Deep Sleep
2026-01-25 02:42:45 -0800,2026-01-25 02:49:14 -0800,0.1081,Core Sleep
2026-01-25 02:49:14 -0800,2026-01-25 03:03:11 -0800,0.2325,Deep Sleep
2026-01-25 03:03:11 -0800,2026-01-25 03:04:40 -0800,0.0247,Awake
2026-01-25 03:04:40 -0800,2026-01-25 03:21:37 -0800,0.2825,Core Sleep
2026-01-25 03:21:37 -0800,2026-01-25 03:25:36 -0800,0.0664,Deep Sleep
2026-01-25 03:25:36 -0800,2026-01-25 03:56:30 -0800,0.5150,Core Sleep
2026-01-25 03:56:30 -0800,2026-01-25 04:02:29 -0800,0.0997,Deep Sleep
2026-01-25 04:02:29 -0800,2026-01-25 04:04:59 -0800,0.0417,Awake
2026-01-25 04:04:59 -0800,2026-01-25 04:14:57 -0800,0.1661,Core Sleep
2026-01-25 04:14:57 -0800,2026-01-25 04:34:53 -0800,0.3322,REM Sleep
2026-01-25 04:34:53 -0800,2026-01-25 05:41:09 -0800,1.1044,Core Sleep
2026-01-25 05:41:09 -0800,2026-01-25 05:54:37 -0800,0.2244,Deep Sleep
2026-01-25 05:54:37 -0800,2026-01-25 06:14:33 -0800,0.3322,Core Sleep
2026-01-25 06:14:33 -0800,2026-01-25 06:54:55 -0800,0.6728,REM Sleep
2026-01-25 06:54:55 -0800,2026-01-25 08:06:40 -0800,1.1958,Core Sleep
2026-01-25 08:06:40 -0800,2026-01-25 09:00:00 -0800,0.8889,REM Sleep
2026-01-25 09:00:00 -0800,2026-01-25 09:08:28 -0800,0.1411,Core Sleep
2026-01-25 09:08:28 -0800,2026-01-25 09:20:56 -0800,0.2078,Awake
2026-01-25 09:20:56 -0800,2026-01-25 09:47:20 -0800,0.4400,Core Sleep
2026-01-25 09:47:20 -0800,2026-01-25 09:48:50 -0800,0.0250,Awake
2026-01-25 09:48:50 -0800,2026-01-25 10:06:16 -0800,0.2906,Core Sleep
2026-01-25 10:06:16 -0800,2026-01-25 10:12:45 -0800,0.1081,Awake
2026-01-25 10:12:45 -0800,2026-01-25 10:15:15 -0800,0.0417,Core Sleep
2026-01-25 23:52:42 -0800,2026-01-26 00:11:08 -0800,0.3072,Core Sleep
2026-01-26 00:11:08 -0800,2026-01-26 00:16:07 -0800,0.0831,Deep Sleep
2026-01-26 00:16:07 -0800,2026-01-26 00:38:03 -0800,0.3656,Core Sleep
2026-01-26 00:38:03 -0800,2026-01-26 00:48:01 -0800,0.1661,Deep Sleep
2026-01-26 00:48:01 -0800,2026-01-26 00:49:00 -0800,0.0164,Awake
2026-01-26 00:49:00 -0800,2026-01-26 01:00:58 -0800,0.1994,Core Sleep
2026-01-26 01:00:58 -0800,2026-01-26 01:12:26 -0800,0.1911,REM Sleep
2026-01-26 01:12:26 -0800,2026-01-26 01:53:18 -0800,0.6811,Core Sleep
2026-01-26 01:53:18 -0800,2026-01-26 02:06:15 -0800,0.2158,Deep Sleep
2026-01-26 02:06:15 -0800,2026-01-26 02:18:43 -0800,0.2078,Core Sleep
2026-01-26 02:18:43 -0800,2026-01-26 02:43:38 -0800,0.4153,REM Sleep
2026-01-26 02:43:38 -0800,2026-01-26 03:11:02 -0800,0.4567,Core Sleep
2026-01-26 03:11:02 -0800,2026-01-26 03:21:00 -0800,0.1661,Deep Sleep
2026-01-26 03:21:00 -0800,2026-01-26 03:21:30 -0800,0.0083,Core Sleep
2026-01-26 03:21:30 -0800,2026-01-26 03:24:00 -0800,0.0417,Awake
2026-01-26 03:24:00 -0800,2026-01-26 04:04:22 -0800,0.6728,Core Sleep
2026-01-26 04:04:22 -0800,2026-01-26 04:31:16 -0800,0.4483,REM Sleep
2026-01-26 04:31:16 -0800,2026-01-26 04:33:46 -0800,0.0417,Awake
2026-01-26 04:33:46 -0800,2026-01-26 05:41:02 -0800,1.1211,Core Sleep
2026-01-26 05:41:02 -0800,2026-01-26 06:18:55 -0800,0.6314,REM Sleep
2026-01-26 06:18:55 -0800,2026-01-26 06:19:54 -0800,0.0164,Awake
2026-01-26 06:19:54 -0800,2026-01-26 06:29:23 -0800,0.1581,Core Sleep
2026-01-26 06:29:23 -0800,2026-01-26 06:33:52 -0800,0.0747,Awake
2026-01-26 06:33:52 -0800,2026-01-26 06:38:21 -0800,0.0747,Core Sleep
2026-01-27 01:46:10 -0800,2026-01-27 02:05:06 -0800,0.3156,Core Sleep
2026-01-27 02:05:06 -0800,2026-01-27 02:33:00 -0800,0.4650,Deep Sleep
2026-01-27 02:33:00 -0800,2026-01-27 02:39:29 -0800,0.1081,Core Sleep
2026-01-27 02:39:29 -0800,2026-01-27 02:45:28 -0800,0.0997,Deep Sleep
2026-01-27 02:45:28 -0800,2026-01-27 03:20:51 -0800,0.5897,Core Sleep
2026-01-27 03:20:51 -0800,2026-01-27 03:24:20 -0800,0.0581,Deep Sleep
2026-01-27 03:24:20 -0800,2026-01-27 03:41:17 -0800,0.2825,Core Sleep
2026-01-27 03:41:17 -0800,2026-01-27 03:49:45 -0800,0.1411,Deep Sleep
2026-01-27 03:49:45 -0800,2026-01-27 04:00:13 -0800,0.1744,Core Sleep
2026-01-27 04:00:13 -0800,2026-01-27 04:28:07 -0800,0.4650,REM Sleep
2026-01-27 04:28:07 -0800,2026-01-27 05:25:26 -0800,0.9553,Core Sleep
2026-01-27 05:25:26 -0800,2026-01-27 05:27:25 -0800,0.0331,Awake
2026-01-27 05:27:25 -0800,2026-01-27 05:38:53 -0800,0.1911,Core Sleep
2026-01-27 05:38:53 -0800,2026-01-27 06:23:14 -0800,0.7392,REM Sleep
2026-01-27 06:23:14 -0800,2026-01-27 07:15:34 -0800,0.8722,Core Sleep
2026-01-27 07:15:34 -0800,2026-01-27 07:16:34 -0800,0.0167,Awake
2026-01-27 07:16:34 -0800,2026-01-27 07:27:31 -0800,0.1825,Core Sleep
2026-01-27 07:27:31 -0800,2026-01-27 07:37:29 -0800,0.1661,REM Sleep
2026-01-27 07:37:29 -0800,2026-01-27 07:38:59 -0800,0.0250,Core Sleep
2026-01-27 07:38:59 -0800,2026-01-27 07:39:59 -0800,0.0167,Awake
2026-01-27 07:39:59 -0800,2026-01-27 07:48:27 -0800,0.1411,Core Sleep
2026-01-27 07:48:27 -0800,2026-01-27 07:50:57 -0800,0.0417,Awake
2026-01-27 07:50:57 -0800,2026-01-27 08:15:52 -0800,0.4153,Core Sleep
2026-01-28 01:37:57 -0800,2026-01-28 02:04:21 -0800,0.4400,Core Sleep
2026-01-28 02:04:21 -0800,2026-01-28 02:12:20 -0800,0.1331,Deep Sleep
2026-01-28 02:12:20 -0800,2026-01-28 02:13:20 -0800,0.0167,Awake
2026-01-28 02:13:20 -0800,2026-01-28 02:27:17 -0800,0.2325,Core Sleep
2026-01-28 02:27:17 -0800,2026-01-28 02:33:46 -0800,0.1081,Deep Sleep
2026-01-28 02:33:46 -0800,2026-01-28 02:39:14 -0800,0.0911,Core Sleep
2026-01-28 02:39:14 -0800,2026-01-28 02:47:43 -0800,0.1414,REM Sleep
2026-01-28 02:47:43 -0800,2026-01-28 03:05:09 -0800,0.2906,Core Sleep
2026-01-28 03:05:09 -0800,2026-01-28 03:28:35 -0800,0.3906,Deep Sleep
2026-01-28 03:28:35 -0800,2026-01-28 03:43:02 -0800,0.2408,Core Sleep
2026-01-28 03:43:02 -0800,2026-01-28 03:57:59 -0800,0.2492,REM Sleep
2026-01-28 03:57:59 -0800,2026-01-28 05:05:16 -0800,1.1214,Core Sleep
2026-01-28 05:05:16 -0800,2026-01-28 05:51:37 -0800,0.7725,REM Sleep
2026-01-28 05:51:37 -0800,2026-01-28 07:06:22 -0800,1.2458,Core Sleep
2026-01-28 07:06:22 -0800,2026-01-28 07:35:16 -0800,0.4817,REM Sleep
2026-01-28 07:35:16 -0800,2026-01-28 07:40:15 -0800,0.0831,Awake
2026-01-28 07:40:15 -0800,2026-01-28 07:57:12 -0800,0.2825,Core Sleep
2026-01-29 00:29:00 -0800,2026-01-29 00:47:27 -0800,0.3075,Core Sleep
2026-01-29 00:47:27 -0800,2026-01-29 00:54:55 -0800,0.1244,Deep Sleep
2026-01-29 00:54:55 -0800,2026-01-29 01:01:24 -0800,0.1081,Core Sleep
2026-01-29 01:01:24 -0800,2026-01-29 01:17:21 -0800,0.2658,Deep Sleep
2026-01-29 01:17:21 -0800,2026-01-29 01:43:46 -0800,0.4403,Core Sleep
2026-01-29 01:43:46 -0800,2026-01-29 02:06:41 -0800,0.3819,Deep Sleep
2026-01-29 02:06:41 -0800,2026-01-29 02:11:10 -0800,0.0747,Core Sleep
2026-01-29 02:11:10 -0800,2026-01-29 02:27:37 -0800,0.2742,REM Sleep
2026-01-29 02:27:37 -0800,2026-01-29 03:01:00 -0800,0.5564,Core Sleep
2026-01-29 03:01:00 -0800,2026-01-29 03:08:59 -0800,0.1331,Deep Sleep
2026-01-29 03:08:59 -0800,2026-01-29 03:13:28 -0800,0.0747,Core Sleep
2026-01-29 03:13:28 -0800,2026-01-29 03:24:25 -0800,0.1825,Deep Sleep
2026-01-29 03:24:25 -0800,2026-01-29 03:53:49 -0800,0.4900,Core Sleep
2026-01-29 03:53:49 -0800,2026-01-29 04:44:10 -0800,0.8392,REM Sleep
2026-01-29 04:44:10 -0800,2026-01-29 06:11:22 -0800,1.4533,Core Sleep
2026-01-29 06:11:22 -0800,2026-01-29 07:09:11 -0800,0.9636,REM Sleep
2026-01-29 07:09:11 -0800,2026-01-29 07:14:40 -0800,0.0914,Core Sleep
2026-01-29 07:14:40 -0800,2026-01-29 07:21:08 -0800,0.1078,Awake
2026-01-29 07:21:08 -0800,2026-01-29 07:28:37 -0800,0.1247,Core Sleep
2026-01-29 07:28:37 -0800,2026-01-29 07:31:06 -0800,0.0414,Awake
2026-01-29 07:31:06 -0800,2026-01-29 07:33:36 -0800,0.0417,Core Sleep
2026-01-30 01:20:19 -0800,2026-01-30 01:41:15 -0800,0.3489,Core Sleep
2026-01-30 01:41:15 -0800,2026-01-30 02:02:11 -0800,0.3489,Deep Sleep
2026-01-30 02:02:11 -0800,2026-01-30 02:09:10 -0800,0.1164,Core Sleep
2026-01-30 02:09:10 -0800,2026-01-30 02:13:09 -0800,0.0664,Deep Sleep
2026-01-30 02:13:09 -0800,2026-01-30 02:28:06 -0800,0.2492,Core Sleep
2026-01-30 02:28:06 -0800,2026-01-30 02:28:36 -0800,0.0083,Awake
2026-01-30 02:28:36 -0800,2026-01-30 02:46:02 -0800,0.2906,Core Sleep
2026-01-30 02:46:02 -0800,2026-01-30 02:46:32 -0800,0.0083,Deep Sleep
2026-01-30 02:46:32 -0800,2026-01-30 02:50:32 -0800,0.0667,Core Sleep
2026-01-30 02:50:32 -0800,2026-01-30 02:59:30 -0800,0.1494,Deep Sleep
2026-01-30 02:59:30 -0800,2026-01-30 03:24:25 -0800,0.4153,Core Sleep
2026-01-30 03:24:25 -0800,2026-01-30 03:44:21 -0800,0.3322,REM Sleep
2026-01-30 03:44:21 -0800,2026-01-30 04:25:43 -0800,0.6894,Core Sleep
2026-01-30 04:25:43 -0800,2026-01-30 04:28:12 -0800,0.0414,Deep Sleep
2026-01-30 04:28:12 -0800,2026-01-30 04:30:42 -0800,0.0417,Awake
2026-01-30 04:30:42 -0800,2026-01-30 04:48:08 -0800,0.2906,Core Sleep
2026-01-30 04:48:08 -0800,2026-01-30 05:22:31 -0800,0.5731,REM Sleep
2026-01-30 05:22:31 -0800,2026-01-30 06:23:49 -0800,1.0217,Core Sleep
2026-01-30 06:23:49 -0800,2026-01-30 06:26:49 -0800,0.0500,Deep Sleep
2026-01-30 06:26:49 -0800,2026-01-30 06:27:48 -0800,0.0164,Core Sleep
2026-01-30 06:27:48 -0800,2026-01-30 06:28:18 -0800,0.0083,Awake
2026-01-30 06:28:18 -0800,2026-01-30 06:33:47 -0800,0.0914,Core Sleep
2026-01-30 06:33:47 -0800,2026-01-30 06:45:15 -0800,0.1911,REM Sleep
2026-01-30 06:45:15 -0800,2026-01-30 06:46:45 -0800,0.0250,Awake
2026-01-30 06:46:45 -0800,2026-01-30 07:00:12 -0800,0.2242,Core Sleep
2026-01-30 07:00:12 -0800,2026-01-30 07:17:39 -0800,0.2908,REM Sleep
2026-01-30 07:17:39 -0800,2026-01-30 07:39:34 -0800,0.3653,Core Sleep
2026-01-30 07:39:34 -0800,2026-01-30 07:41:34 -0800,0.0333,Awake
2026-01-30 07:41:34 -0800,2026-01-30 07:54:31 -0800,0.2158,Core Sleep
2026-01-31 02:37:48 -0800,2026-01-31 02:57:14 -0800,0.3239,Core Sleep
2026-01-31 02:57:14 -0800,2026-01-31 03:05:13 -0800,0.1331,Deep Sleep
2026-01-31 03:05:13 -0800,2026-01-31 03:05:43 -0800,0.0083,Awake
2026-01-31 03:05:43 -0800,2026-01-31 03:11:42 -0800,0.0997,Core Sleep
2026-01-31 03:11:42 -0800,2026-01-31 03:15:41 -0800,0.0664,Deep Sleep
2026-01-31 03:15:41 -0800,2026-01-31 03:22:09 -0800,0.1078,Core Sleep
2026-01-31 03:22:09 -0800,2026-01-31 03:24:09 -0800,0.0333,Deep Sleep
2026-01-31 03:24:09 -0800,2026-01-31 03:25:39 -0800,0.0250,Core Sleep
2026-01-31 03:25:39 -0800,2026-01-31 03:32:07 -0800,0.1078,Deep Sleep
2026-01-31 03:32:07 -0800,2026-01-31 03:34:37 -0800,0.0417,Core Sleep
2026-01-31 03:34:37 -0800,2026-01-31 03:41:06 -0800,0.1081,Deep Sleep
2026-01-31 03:41:06 -0800,2026-01-31 03:43:05 -0800,0.0331,Core Sleep
2026-01-31 03:43:05 -0800,2026-01-31 04:00:02 -0800,0.2825,Deep Sleep
2026-01-31 04:00:02 -0800,2026-01-31 04:22:58 -0800,0.3822,Core Sleep
2026-01-31 04:22:58 -0800,2026-01-31 04:35:55 -0800,0.2158,REM Sleep
2026-01-31 04:35:55 -0800,2026-01-31 05:08:48 -0800,0.5481,Core Sleep
2026-01-31 05:08:48 -0800,2026-01-31 05:17:47 -0800,0.1497,Deep Sleep
2026-01-31 05:17:47 -0800,2026-01-31 05:19:16 -0800,0.0247,Core Sleep
2026-01-31 05:19:16 -0800,2026-01-31 05:20:46 -0800,0.0250,Deep Sleep
2026-01-31 05:20:46 -0800,2026-01-31 05:32:14 -0800,0.1911,Core Sleep
2026-01-31 05:32:14 -0800,2026-01-31 05:33:13 -0800,0.0164,Deep Sleep
2026-01-31 05:33:13 -0800,2026-01-31 05:39:42 -0800,0.1081,Core Sleep
2026-01-31 05:39:42 -0800,2026-01-31 06:24:33 -0800,0.7475,REM Sleep
2026-01-31 06:24:33 -0800,2026-01-31 07:32:20 -0800,1.1297,Core Sleep
2026-01-31 07:32:20 -0800,2026-01-31 08:13:41 -0800,0.6892,REM Sleep
2026-01-31 08:13:41 -0800,2026-01-31 08:49:04 -0800,0.5897,Core Sleep
2026-01-31 08:49:04 -0800,2026-01-31 08:52:34 -0800,0.0583,Awake
2026-01-31 08:52:34 -0800,2026-01-31 09:14:29 -0800,0.3653,Core Sleep
2026-01-31 09:14:29 -0800,2026-01-31 09:19:58 -0800,0.0914,Awake
2026-01-31 09:19:58 -0800,2026-01-31 09:23:57 -0800,0.0664,Core Sleep
2026-01-31 09:23:57 -0800,2026-01-31 09:31:26 -0800,0.1247,Awake
2026-01-31 09:31:26 -0800,2026-01-31 09:32:56 -0800,0.0250,Core Sleep
2026-02-01 02:14:38 -0800,2026-02-01 02:44:37 -0800,0.4997,Core Sleep
2026-02-01 02:44:37 -0800,2026-02-01 03:10:32 -0800,0.4319,Deep Sleep
2026-02-01 03:10:32 -0800,2026-02-01 03:21:01 -0800,0.1747,Core Sleep
2026-02-01 03:21:01 -0800,2026-02-01 03:22:01 -0800,0.0167,Deep Sleep
2026-02-01 03:22:01 -0800,2026-02-01 03:34:00 -0800,0.1997,REM Sleep
2026-02-01 03:34:00 -0800,2026-02-01 04:47:25 -0800,1.2236,Core Sleep
2026-02-01 04:47:25 -0800,2026-02-01 05:14:53 -0800,0.4578,REM Sleep
2026-02-01 05:14:53 -0800,2026-02-01 06:08:17 -0800,0.8900,Core Sleep
2026-02-01 06:08:17 -0800,2026-02-01 06:09:17 -0800,0.0167,Awake
2026-02-01 06:09:17 -0800,2026-02-01 06:38:16 -0800,0.4831,Core Sleep
2026-02-01 06:38:16 -0800,2026-02-01 07:27:11 -0800,0.8153,REM Sleep
2026-02-01 07:27:11 -0800,2026-02-01 07:29:41 -0800,0.0417,Core Sleep
2026-02-01 07:29:41 -0800,2026-02-01 07:44:10 -0800,0.2414,REM Sleep
2026-02-01 07:44:10 -0800,2026-02-01 08:20:38 -0800,0.6078,Core Sleep
2026-02-01 08:20:38 -0800,2026-02-01 08:21:08 -0800,0.0083,Awake
2026-02-01 08:21:08 -0800,2026-02-01 08:50:38 -0800,0.4917,Core Sleep
2026-02-01 08:50:38 -0800,2026-02-01 09:11:37 -0800,0.3497,REM Sleep
2026-02-01 09:11:37 -0800,2026-02-01 09:25:37 -0800,0.2333,Core Sleep
2026-02-01 09:25:37 -0800,2026-02-01 09:26:06 -0800,0.0081,Awake
2026-02-01 09:26:06 -0800,2026-02-01 09:47:02 -0800,0.3489,Core Sleep
2026-02-02 01:38:57 -0800,2026-02-02 01:53:25 -0800,0.2411,Core Sleep
2026-02-02 01:53:25 -0800,2026-02-02 02:23:49 -0800,0.5067,Deep Sleep
2026-02-02 02:23:49 -0800,2026-02-02 02:30:47 -0800,0.1161,Core Sleep
2026-02-02 02:30:47 -0800,2026-02-02 02:32:17 -0800,0.0250,Deep Sleep
2026-02-02 02:32:17 -0800,2026-02-02 03:18:38 -0800,0.7725,Core Sleep
2026-02-02 03:18:38 -0800,2026-02-02 03:20:37 -0800,0.0331,Deep Sleep
2026-02-02 03:20:37 -0800,2026-02-02 03:21:07 -0800,0.0083,Core Sleep
2026-02-02 03:21:07 -0800,2026-02-02 03:38:34 -0800,0.2908,Deep Sleep
2026-02-02 03:38:34 -0800,2026-02-02 03:54:01 -0800,0.2575,Core Sleep
2026-02-02 03:54:01 -0800,2026-02-02 04:28:54 -0800,0.5814,REM Sleep
2026-02-02 04:28:54 -0800,2026-02-02 05:11:15 -0800,0.7058,Core Sleep
2026-02-02 05:11:15 -0800,2026-02-02 05:11:45 -0800,0.0083,Deep Sleep
2026-02-02 05:11:45 -0800,2026-02-02 05:12:45 -0800,0.0167,Core Sleep
2026-02-02 05:12:45 -0800,2026-02-02 05:29:42 -0800,0.2825,Deep Sleep
2026-02-02 05:29:42 -0800,2026-02-02 05:30:41 -0800,0.0164,Awake
2026-02-02 05:30:41 -0800,2026-02-02 05:37:10 -0800,0.1081,Core Sleep
2026-02-02 05:37:10 -0800,2026-02-02 05:43:39 -0800,0.1081,Awake
2026-02-02 05:43:39 -0800,2026-02-02 06:15:32 -0800,0.5314,Core Sleep
2026-02-02 06:15:32 -0800,2026-02-02 07:11:21 -0800,0.9303,REM Sleep
2026-02-02 07:11:21 -0800,2026-02-02 07:51:13 -0800,0.6644,Core Sleep
2026-02-02 07:51:13 -0800,2026-02-02 07:53:13 -0800,0.0333,Awake
2026-02-02 07:53:13 -0800,2026-02-02 08:19:08 -0800,0.4319,Core Sleep
2026-02-02 08:19:08 -0800,2026-02-02 08:30:06 -0800,0.1828,REM Sleep
2026-02-02 08:30:06 -0800,2026-02-02 08:31:05 -0800,0.0164,Awake
2026-02-02 08:31:05 -0800,2026-02-02 08:38:34 -0800,0.1247,Core Sleep
2026-02-03 00:17:52 -0800,2026-02-03 00:42:47 -0800,0.4153,Core Sleep
2026-02-03 00:42:47 -0800,2026-02-03 00:51:46 -0800,0.1497,Deep Sleep
2026-02-03 00:51:46 -0800,2026-02-03 01:08:42 -0800,0.2822,Core Sleep
2026-02-03 01:08:42 -0800,2026-02-03 01:22:39 -0800,0.2325,REM Sleep
2026-02-03 01:22:39 -0800,2026-02-03 01:42:36 -0800,0.3325,Core Sleep
2026-02-03 01:42:36 -0800,2026-02-03 01:56:03 -0800,0.2242,Deep Sleep
2026-02-03 01:56:03 -0800,2026-02-03 01:57:33 -0800,0.0250,Awake
2026-02-03 01:57:33 -0800,2026-02-03 02:26:27 -0800,0.4817,Core Sleep
2026-02-03 02:26:27 -0800,2026-02-03 02:49:22 -0800,0.3819,REM Sleep
2026-02-03 02:49:22 -0800,2026-02-03 03:23:15 -0800,0.5647,Core Sleep
2026-02-03 03:23:15 -0800,2026-02-03 03:39:12 -0800,0.2658,Deep Sleep
2026-02-03 03:39:12 -0800,2026-02-03 03:41:42 -0800,0.0417,Awake
2026-02-03 03:41:42 -0800,2026-02-03 04:12:36 -0800,0.5150,Core Sleep
2026-02-03 04:12:36 -0800,2026-02-03 04:50:58 -0800,0.6394,REM Sleep
2026-02-03 04:50:58 -0800,2026-02-03 05:28:50 -0800,0.6311,Core Sleep
2026-02-03 05:28:50 -0800,2026-02-03 05:30:20 -0800,0.0250,Awake
2026-02-03 05:30:20 -0800,2026-02-03 05:57:44 -0800,0.4567,Core Sleep
2026-02-03 05:57:44 -0800,2026-02-03 06:44:35 -0800,0.7808,REM Sleep
2026-02-03 06:44:35 -0800,2026-02-03 07:17:28 -0800,0.5481,Core Sleep
2026-02-03 07:17:28 -0800,2026-02-03 07:21:28 -0800,0.0667,Awake
2026-02-03 07:21:28 -0800,2026-02-03 07:34:25 -0800,0.2158,Core Sleep
2026-02-04 01:06:19 -0800,2026-02-04 01:15:47 -0800,0.1578,Core Sleep
2026-02-04 01:15:47 -0800,2026-02-04 01:17:16 -0800,0.0247,Awake
2026-02-04 01:17:16 -0800,2026-02-04 01:22:15 -0800,0.0831,Core Sleep
2026-02-04 01:22:15 -0800,2026-02-04 01:23:45 -0800,0.0250,Awake
2026-02-04 01:23:45 -0800,2026-02-04 01:34:13 -0800,0.1744,Core Sleep
2026-02-04 01:34:13 -0800,2026-02-04 01:35:43 -0800,0.0250,Awake
2026-02-04 01:35:43 -0800,2026-02-04 01:41:41 -0800,0.0994,Core Sleep
2026-02-04 01:41:41 -0800,2026-02-04 01:46:11 -0800,0.0750,Deep Sleep
2026-02-04 01:46:11 -0800,2026-02-04 01:48:40 -0800,0.0414,Awake
2026-02-04 01:48:40 -0800,2026-02-04 01:55:09 -0800,0.1081,Core Sleep
2026-02-04 01:55:09 -0800,2026-02-04 02:04:37 -0800,0.1578,REM Sleep
2026-02-04 02:04:37 -0800,2026-02-04 02:19:04 -0800,0.2408,Core Sleep
2026-02-04 02:19:04 -0800,2026-02-04 02:35:01 -0800,0.2658,Deep Sleep
2026-02-04 02:35:01 -0800,2026-02-04 02:36:31 -0800,0.0250,Core Sleep
2026-02-04 02:36:31 -0800,2026-02-04 02:50:28 -0800,0.2325,Deep Sleep
2026-02-04 02:50:28 -0800,2026-02-04 02:50:58 -0800,0.0083,Core Sleep
2026-02-04 02:50:58 -0800,2026-02-04 02:51:57 -0800,0.0164,Awake
2026-02-04 02:51:57 -0800,2026-02-04 03:09:54 -0800,0.2992,Core Sleep
2026-02-04 03:09:54 -0800,2026-02-04 03:10:54 -0800,0.0167,REM Sleep
2026-02-04 03:10:54 -0800,2026-02-04 04:05:13 -0800,0.9053,Core Sleep
2026-02-04 04:05:13 -0800,2026-02-04 04:19:40 -0800,0.2408,REM Sleep
2026-02-04 04:19:40 -0800,2026-02-04 04:21:39 -0800,0.0331,Awake
2026-02-04 04:21:39 -0800,2026-02-04 05:48:22 -0800,1.4453,Core Sleep
2026-02-04 05:48:22 -0800,2026-02-04 06:04:49 -0800,0.2742,REM Sleep
2026-02-04 06:04:49 -0800,2026-02-04 06:10:48 -0800,0.0997,Awake
2026-02-04 06:10:48 -0800,2026-02-04 06:17:16 -0800,0.1078,Core Sleep
2026-02-04 06:17:16 -0800,2026-02-04 06:43:41 -0800,0.4403,REM Sleep
2026-02-04 06:43:41 -0800,2026-02-04 07:30:02 -0800,0.7725,Core Sleep
2026-02-04 07:30:02 -0800,2026-02-04 07:34:01 -0800,0.0664,Deep Sleep
2026-02-04 07:34:01 -0800,2026-02-04 07:34:31 -0800,0.0083,Awake
2026-02-04 07:34:31 -0800,2026-02-04 07:48:58 -0800,0.2408,Core Sleep
2026-02-04 07:48:58 -0800,2026-02-04 07:49:58 -0800,0.0167,Awake
2026-02-04 07:49:58 -0800,2026-02-04 07:57:27 -0800,0.1247,Core Sleep
2026-02-05 02:35:01 -0800,2026-02-05 03:00:56 -0800,0.4319,Core Sleep
2026-02-05 03:00:56 -0800,2026-02-05 03:15:53 -0800,0.2492,Deep Sleep
2026-02-05 03:15:53 -0800,2026-02-05 03:36:49 -0800,0.3489,REM Sleep
2026-02-05 03:36:49 -0800,2026-02-05 04:09:42 -0800,0.5481,Core Sleep
2026-02-05 04:09:42 -0800,2026-02-05 04:16:11 -0800,0.1081,Deep Sleep
2026-02-05 04:16:11 -0800,2026-02-05 04:28:39 -0800,0.2078,Core Sleep
2026-02-05 04:28:39 -0800,2026-02-05 04:38:07 -0800,0.1578,Deep Sleep
2026-02-05 04:38:07 -0800,2026-02-05 04:50:05 -0800,0.1994,Core Sleep
2026-02-05 04:50:05 -0800,2026-02-05 05:01:32 -0800,0.1908,REM Sleep
2026-02-05 05:01:32 -0800,2026-02-05 05:02:32 -0800,0.0167,Awake
2026-02-05 05:02:32 -0800,2026-02-05 05:38:55 -0800,0.6064,Core Sleep
2026-02-05 05:38:55 -0800,2026-02-05 05:40:25 -0800,0.0250,Deep Sleep
2026-02-05 05:40:25 -0800,2026-02-05 05:41:54 -0800,0.0247,Core Sleep
2026-02-05 05:41:54 -0800,2026-02-05 05:42:54 -0800,0.0167,Awake
2026-02-05 05:42:54 -0800,2026-02-05 05:48:23 -0800,0.0914,Core Sleep
2026-02-05 05:48:23 -0800,2026-02-05 05:48:53 -0800,0.0083,Awake
2026-02-05 05:48:53 -0800,2026-02-05 05:53:52 -0800,0.0831,Core Sleep
2026-02-05 05:53:52 -0800,2026-02-05 05:59:51 -0800,0.0997,Awake
2026-02-05 05:59:51 -0800,2026-02-05 06:12:18 -0800,0.2075,Core Sleep
2026-02-05 06:12:18 -0800,2026-02-05 07:11:07 -0800,0.9803,REM Sleep
2026-02-05 07:11:07 -0800,2026-02-05 07:48:59 -0800,0.6311,Core Sleep
2026-02-05 07:48:59 -0800,2026-02-05 07:49:59 -0800,0.0167,Awake
2026-02-05 07:49:59 -0800,2026-02-05 07:57:27 -0800,0.1244,Core Sleep
2026-02-05 07:57:27 -0800,2026-02-05 07:59:57 -0800,0.0417,Awake
2026-02-05 07:59:57 -0800,2026-02-05 08:06:26 -0800,0.1081,Core Sleep
2026-02-05 08:06:26 -0800,2026-02-05 08:08:55 -0800,0.0414,Awake
2026-02-05 08:08:55 -0800,2026-02-05 08:15:24 -0800,0.1081,Core Sleep
2026-02-05 08:15:24 -0800,2026-02-05 08:15:54 -0800,0.0083,Awake
2026-02-05 08:15:54 -0800,2026-02-05 08:25:22 -0800,0.1578,Core Sleep
2026-02-07 02:34:09 -0800,2026-02-07 02:44:07 -0800,0.1661,Core Sleep
2026-02-07 02:44:07 -0800,2026-02-07 02:45:37 -0800,0.0250,Deep Sleep
2026-02-07 02:45:37 -0800,2026-02-07 02:46:07 -0800,0.0083,Core Sleep
2026-02-07 02:46:07 -0800,2026-02-07 02:48:06 -0800,0.0331,Deep Sleep
2026-02-07 02:48:06 -0800,2026-02-07 02:55:05 -0800,0.1164,Core Sleep
2026-02-07 02:55:05 -0800,2026-02-07 03:22:59 -0800,0.4650,Deep Sleep
2026-02-07 03:22:59 -0800,2026-02-07 03:23:29 -0800,0.0083,Awake
2026-02-07 03:23:29 -0800,2026-02-07 03:58:22 -0800,0.5814,Core Sleep
2026-02-07 03:58:22 -0800,2026-02-07 04:08:50 -0800,0.1744,Deep Sleep
2026-02-07 04:08:50 -0800,2026-02-07 04:09:50 -0800,0.0167,Awake
2026-02-07 04:09:50 -0800,2026-02-07 04:43:43 -0800,0.5647,Core Sleep
2026-02-07 04:43:43 -0800,2026-02-07 04:44:13 -0800,0.0083,Awake
2026-02-07 04:44:13 -0800,2026-02-07 04:53:11 -0800,0.1494,Core Sleep
2026-02-07 04:53:11 -0800,2026-02-07 05:28:34 -0800,0.5897,REM Sleep
2026-02-07 05:28:34 -0800,2026-02-07 05:29:34 -0800,0.0167,Awake
2026-02-07 05:29:34 -0800,2026-02-07 05:55:29 -0800,0.4319,Core Sleep
2026-02-07 05:55:29 -0800,2026-02-07 06:10:26 -0800,0.2492,Deep Sleep
2026-02-07 06:10:26 -0800,2026-02-07 06:10:56 -0800,0.0083,Core Sleep
2026-02-07 06:10:56 -0800,2026-02-07 06:11:26 -0800,0.0083,Awake
2026-02-07 06:11:26 -0800,2026-02-07 06:37:50 -0800,0.4400,Core Sleep
2026-02-07 06:37:50 -0800,2026-02-07 07:03:15 -0800,0.4236,REM Sleep
2026-02-07 07:03:15 -0800,2026-02-07 07:56:05 -0800,0.8806,Core Sleep
2026-02-07 07:56:05 -0800,2026-02-07 08:10:32 -0800,0.2408,REM Sleep
2026-02-07 08:10:32 -0800,2026-02-07 08:16:31 -0800,0.0997,Awake
2026-02-07 08:16:31 -0800,2026-02-07 09:03:22 -0800,0.7808,Core Sleep
2026-02-07 09:03:22 -0800,2026-02-07 09:09:50 -0800,0.1078,Deep Sleep
2026-02-07 09:09:50 -0800,2026-02-07 09:15:19 -0800,0.0914,Core Sleep
2026-02-07 09:15:19 -0800,2026-02-07 09:40:14 -0800,0.4153,REM Sleep
2026-02-07 09:40:14 -0800,2026-02-07 09:40:44 -0800,0.0083,Awake
2026-02-07 09:40:44 -0800,2026-02-07 10:34:34 -0800,0.8972,Core Sleep
2026-02-08 03:55:21 -0800,2026-02-08 04:13:17 -0800,0.2989,Core Sleep
2026-02-08 04:13:17 -0800,2026-02-08 04:21:45 -0800,0.1411,Deep Sleep
2026-02-08 04:21:45 -0800,2026-02-08 04:26:44 -0800,0.0831,Core Sleep
2026-02-08 04:26:44 -0800,2026-02-08 04:32:13 -0800,0.0914,Deep Sleep
2026-02-08 04:32:13 -0800,2026-02-08 04:33:43 -0800,0.0250,Core Sleep
2026-02-08 04:33:43 -0800,2026-02-08 04:45:11 -0800,0.1911,Deep Sleep
2026-02-08 04:45:11 -0800,2026-02-08 04:47:10 -0800,0.0331,Core Sleep
2026-02-08 04:47:10 -0800,2026-02-08 05:04:07 -0800,0.2825,REM Sleep
2026-02-08 05:04:07 -0800,2026-02-08 05:09:06 -0800,0.0831,Core Sleep
2026-02-08 05:09:06 -0800,2026-02-08 05:13:35 -0800,0.0747,Awake
2026-02-08 05:13:35 -0800,2026-02-08 05:48:28 -0800,0.5814,Core Sleep
2026-02-08 05:48:28 -0800,2026-02-08 06:14:53 -0800,0.4403,Deep Sleep
2026-02-08 06:14:53 -0800,2026-02-08 06:40:18 -0800,0.4236,REM Sleep
2026-02-08 06:40:18 -0800,2026-02-08 07:17:11 -0800,0.6147,Core Sleep
2026-02-08 07:17:11 -0800,2026-02-08 07:21:40 -0800,0.0747,Awake
2026-02-08 07:21:40 -0800,2026-02-08 07:44:05 -0800,0.3736,Core Sleep
2026-02-08 07:44:05 -0800,2026-02-08 08:23:57 -0800,0.6644,REM Sleep
2026-02-08 08:23:57 -0800,2026-02-08 08:24:57 -0800,0.0167,Awake
2026-02-08 08:24:57 -0800,2026-02-08 08:26:27 -0800,0.0250,REM Sleep
2026-02-08 08:26:27 -0800,2026-02-08 09:39:13 -0800,1.2128,Core Sleep
2026-02-08 09:39:13 -0800,2026-02-08 09:40:12 -0800,0.0164,Awake
2026-02-08 09:40:12 -0800,2026-02-08 09:52:40 -0800,0.2078,Core Sleep
2026-02-08 09:52:40 -0800,2026-02-08 09:58:39 -0800,0.0997,REM Sleep
2026-02-08 09:58:39 -0800,2026-02-08 10:03:08 -0800,0.0747,Awake
2026-02-08 10:03:08 -0800,2026-02-08 10:08:07 -0800,0.0831,Core Sleep
